timestamp,split,actual,predicted_mean,predicted_q10,predicted_q50,predicted_q90,is_anomaly
2026-03-16 01:00:00,context,257.453,,,,,
2026-03-16 02:00:00,context,202.522,,,,,
2026-03-16 03:00:00,context,207.505,,,,,
2026-03-16 04:00:00,context,223.679,,,,,
2026-03-16 05:00:00,context,228.863,,,,,
2026-03-16 06:00:00,context,296.54,,,,,
2026-03-16 07:00:00,context,402.629,,,,,
2026-03-16 08:00:00,context,488.744,,,,,
2026-03-16 09:00:00,context,599.686,,,,,
2026-03-16 10:00:00,context,673.779,,,,,
2026-03-16 11:00:00,context,835.549,,,,,
2026-03-16 12:00:00,context,917.641,,,,,
2026-03-16 13:00:00,context,950.07,,,,,
2026-03-16 14:00:00,context,1042.61,,,,,
2026-03-16 15:00:00,context,1024.06,,,,,
2026-03-16 16:00:00,context,944.663,,,,,
2026-03-16 17:00:00,context,964.584,886.003,819.078,901.615,944.643,0
2026-03-16 18:00:00,context,841.173,842.434,707.297,848.165,945.383,0
2026-03-16 19:00:00,context,835.809,802.659,618.829,821.674,975.141,0
2026-03-16 20:00:00,context,702.339,739.122,507.592,755.566,977.594,0
2026-03-16 21:00:00,context,594.926,691.691,399.727,688.917,981.968,0
2026-03-16 22:00:00,context,479.927,661.356,354.951,642.463,990.622,0
2026-03-16 23:00:00,context,424.729,617.871,306.404,592.458,992.23,0
2026-03-17 00:00:00,context,314.866,576.436,283.299,536.898,971.258,0
2026-03-17 01:00:00,context,248.234,535.682,241.91,486.93,955.845,0
2026-03-17 02:00:00,context,209.888,525.357,198.745,454.987,970.237,0
2026-03-17 03:00:00,context,205.323,479.975,186.616,429.717,953.148,0
2026-03-17 04:00:00,context,217.555,483.429,184.689,425.384,966.563,0
2026-03-17 05:00:00,context,258.914,518.022,197.787,442.128,992.108,0
2026-03-17 06:00:00,context,324.196,520.382,188.341,443.186,1007.8,0
2026-03-17 07:00:00,context,443.228,518.889,187.048,453.782,1012.17,0
2026-03-17 08:00:00,context,486.92,535.809,197.517,475.367,1008.86,0
2026-03-17 09:00:00,context,585.375,548.697,192.708,505.626,1035.21,0
2026-03-17 10:00:00,context,675.851,574.239,203.927,544.111,1052.61,0
2026-03-17 11:00:00,context,825.891,594.767,201.808,569.29,1067.58,0
2026-03-17 12:00:00,context,934.181,626.411,206.277,608.194,1101.28,0
2026-03-17 13:00:00,context,942.608,653.748,223.289,634.766,1116.61,0
2026-03-17 14:00:00,context,946.594,665.788,237.135,661.924,1146.63,0
2026-03-17 15:00:00,context,960.511,679.97,252.578,671.364,1151.88,0
2026-03-17 16:00:00,context,1020.34,657.667,242.844,656.726,1149.92,0
2026-03-17 17:00:00,context,983.425,642.499,202.67,634.649,1151.61,0
2026-03-17 18:00:00,context,908.53,645.416,206.93,616.267,1121.32,0
2026-03-17 19:00:00,context,774.83,634.935,224.64,609.332,1102.14,0
2026-03-17 20:00:00,context,712.998,610.8,230.246,592.633,1082.5,0
2026-03-17 21:00:00,context,604.554,589.669,203.093,555.377,1061.01,0
2026-03-17 22:00:00,context,502.704,577.346,212.887,532.849,1031.49,0
2026-03-17 23:00:00,context,418,550.84,198.94,506.295,1021.4,0
2026-03-18 00:00:00,context,321.034,545.745,208.733,488.745,999.904,0
2026-03-18 01:00:00,context,262.356,250.381,219.156,248.68,278.062,0
2026-03-18 02:00:00,context,214.391,208.83,176.711,212.236,247.42,0
2026-03-18 03:00:00,context,202.891,190.41,158.464,195.861,241.927,0
2026-03-18 04:00:00,context,220.415,214.649,173.532,215.677,261.379,0
2026-03-18 05:00:00,context,235.268,253.153,214.795,258.411,316.534,0
2026-03-18 06:00:00,context,312.452,319.21,268.942,316.931,374.31,0
2026-03-18 07:00:00,context,391.22,408.595,348.153,401.944,459.933,0
2026-03-18 08:00:00,context,481.553,504.504,445.186,494.147,557.223,0
2026-03-18 09:00:00,context,593.061,614.405,550.347,605.091,665.494,0
2026-03-18 10:00:00,context,757.95,715.597,652.872,717.368,777.625,0
2026-03-18 11:00:00,context,767.349,817.432,751.592,822.273,879.527,0
2026-03-18 12:00:00,context,928.099,895.961,827.809,896.658,954.927,0
2026-03-18 13:00:00,context,869.217,951.825,889.757,953.536,1016.4,1
2026-03-18 14:00:00,context,972.662,981.08,920.011,986.192,1042.32,0
2026-03-18 15:00:00,context,1011.11,992.655,927.137,995.727,1044.96,0
2026-03-18 16:00:00,context,1018.32,978.898,924.624,991.254,1042.2,0
2026-03-18 17:00:00,context,983.01,953.122,896.37,965.88,1015.56,0
2026-03-18 18:00:00,context,920.61,891.027,830.459,891.928,945.751,0
2026-03-18 19:00:00,context,788.367,830.48,761.935,815.568,868.798,0
2026-03-18 20:00:00,context,689.225,711.337,662.234,711.444,765.145,0
2026-03-18 21:00:00,context,627.428,616.79,557.698,607.261,657.847,0
2026-03-18 22:00:00,context,492.93,509.259,452.812,506.629,559.361,0
2026-03-18 23:00:00,context,375.266,401.848,360.771,411.009,466.362,0
2026-03-19 00:00:00,context,299.653,329.413,269.653,321.954,376.955,0
2026-03-19 01:00:00,context,242.151,261.62,203.431,253.981,317.621,0
2026-03-19 02:00:00,context,219.001,230.248,163.819,213.649,280.224,0
2026-03-19 03:00:00,context,201.424,193.757,142.32,192.424,253.284,0
2026-03-19 04:00:00,context,221.068,233.309,158.912,211.005,273.665,0
2026-03-19 05:00:00,context,248.41,270.648,204.967,260.045,330.76,0
2026-03-19 06:00:00,context,320.213,322.998,259.351,320.928,391.293,0
2026-03-19 07:00:00,context,413.469,401.446,345.076,405.09,478.007,0
2026-03-19 08:00:00,context,490.166,514.116,437.74,505.713,577.746,0
2026-03-19 09:00:00,context,615.652,600.486,575.667,602.326,630.107,0
2026-03-19 10:00:00,context,682.591,704.369,671.228,704.704,740.772,0
2026-03-19 11:00:00,context,788.353,806.092,768.215,805.392,842.574,0
2026-03-19 12:00:00,context,869.301,889.646,848.244,884.378,921.875,0
2026-03-19 13:00:00,context,893.331,932.75,895.824,939.773,980.077,1
2026-03-19 14:00:00,context,1014.46,967.124,935.029,977.901,1014.76,0
2026-03-19 15:00:00,context,980.529,989.544,950.168,993.108,1028.35,0
2026-03-19 16:00:00,context,991.061,995.682,950,994.776,1030.11,0
2026-03-19 17:00:00,context,973.163,957.636,923.037,967.655,1000.89,0
2026-03-19 18:00:00,context,906.252,899.095,856.091,902.96,936.394,0
2026-03-19 19:00:00,context,829.937,809.267,768.941,810.925,850.353,0
2026-03-19 20:00:00,context,702.777,701.018,664.224,705.83,741.048,0
2026-03-19 21:00:00,context,589.445,599.168,561.52,601.83,637.008,0
2026-03-19 22:00:00,context,496.128,500.37,457.906,497.742,531.781,0
2026-03-19 23:00:00,context,367.278,400.677,365.308,401.823,436.57,0
2026-03-20 00:00:00,context,294.824,317.869,280.124,317.377,353.458,0
2026-03-20 01:00:00,context,237.105,257.023,220.678,248.894,284.406,0
2026-03-20 02:00:00,context,203.052,223.06,182.707,217.447,251.886,0
2026-03-20 03:00:00,context,203.998,196.889,170.148,200.409,234.007,0
2026-03-20 04:00:00,context,204.034,224.202,187.897,219.426,248.372,0
2026-03-20 05:00:00,context,249.108,265.963,230.692,260.575,292.005,0
2026-03-20 06:00:00,context,338.51,327.613,293.111,319.938,354.622,0
2026-03-20 07:00:00,context,394.067,406.694,369.891,400.422,436.281,0
2026-03-20 08:00:00,context,516.665,491.337,465.835,497.003,527.787,0
2026-03-20 09:00:00,context,574.352,591.821,560.683,598.964,637.119,0
2026-03-20 10:00:00,context,699.416,695.552,656.367,698.387,739.149,0
2026-03-20 11:00:00,context,765.605,801.809,764.326,800.786,838.645,0
2026-03-20 12:00:00,context,872.152,872.375,845.725,885.005,921.648,0
2026-03-20 13:00:00,context,991.174,930.347,899.182,940.316,973.945,1
2026-03-20 14:00:00,context,905.843,973.304,932.903,976.235,1010.12,1
2026-03-20 15:00:00,context,1027.07,995.894,952.142,995.055,1030.12,0
2026-03-20 16:00:00,context,1003.35,980.143,941.98,985.113,1022.13,0
2026-03-20 17:00:00,context,923.123,960.5,928.599,960.264,992.13,1
2026-03-20 18:00:00,context,823.271,893.581,859.332,894.492,929.923,1
2026-03-20 19:00:00,context,806.971,802.692,766.289,804.069,836.551,0
2026-03-20 20:00:00,context,688.257,690.585,664.791,699.696,730.346,0
2026-03-20 21:00:00,context,609.774,595.246,554.976,594.281,626.248,0
2026-03-20 22:00:00,context,499.082,492.663,453.087,488.022,520.179,0
2026-03-20 23:00:00,context,433.553,395.221,362.615,393.254,425.28,1
2026-03-21 00:00:00,context,314.182,302.038,279.583,310.283,340.334,0
2026-03-21 01:00:00,context,220.491,243.089,209.826,237.877,268.505,0
2026-03-21 02:00:00,context,210.103,211.084,178.076,204.511,235.405,0
2026-03-21 03:00:00,context,202.2,196.43,168.363,195.639,226.146,0
2026-03-21 04:00:00,context,222.389,213.049,184.124,211.454,240.548,0
2026-03-21 05:00:00,context,242.095,255.296,225.236,255.524,282.277,0
2026-03-21 06:00:00,context,275.65,322.768,292.821,319.88,348.961,1
2026-03-21 07:00:00,context,344.379,402.155,369.197,396.326,427.786,1
2026-03-21 08:00:00,context,356.688,482.393,456.716,485.97,520.459,1
2026-03-21 09:00:00,context,427.696,588.203,560.739,591.591,621.576,1
2026-03-21 10:00:00,context,481.066,689.544,653.19,687.89,722.988,1
2026-03-21 11:00:00,context,551.817,784.698,749.34,781.728,813.706,1
2026-03-21 12:00:00,context,570.712,868.614,836.943,870.43,900.071,1
2026-03-21 13:00:00,context,672.051,929.342,895.762,929.836,960.179,1
2026-03-21 14:00:00,context,668.051,963.042,940.099,974.755,1002.41,1
2026-03-21 15:00:00,context,633.54,995.5,960.416,995.804,1026.2,1
2026-03-21 16:00:00,context,641.307,994.456,960.66,991.791,1023.14,1
2026-03-21 17:00:00,context,661.684,957.733,924.138,960.961,991.433,1
2026-03-21 18:00:00,context,638.737,896.044,857.306,896.597,930.934,1
2026-03-21 19:00:00,context,619.161,807.354,773.594,808.595,839.65,1
2026-03-21 20:00:00,context,578.135,703.12,665.683,702.116,732.68,1
2026-03-21 21:00:00,context,451.158,601.179,559.881,595.833,629.643,1
2026-03-21 22:00:00,context,360.606,491.252,452.801,488.254,524.73,1
2026-03-21 23:00:00,context,286.793,393.831,360.285,394.269,424.302,1
2026-03-22 00:00:00,context,274.519,309.16,279.886,310.048,346.27,1
2026-03-22 01:00:00,context,222.982,213.437,180.947,207.955,252.325,0
2026-03-22 02:00:00,context,203.924,198.397,149.531,183.525,237.16,0
2026-03-22 03:00:00,context,193.879,180.403,134.669,178.068,246.463,0
2026-03-22 04:00:00,context,206.783,205.001,142.993,191.194,263.474,0
2026-03-22 05:00:00,context,244.826,219.941,150.32,216.752,306.397,0
2026-03-22 06:00:00,context,273.045,267.94,178.499,256.985,361.14,0
2026-03-22 07:00:00,context,318.525,322.463,215.193,314.771,435.509,0
2026-03-22 08:00:00,context,359.832,388.831,266.16,383.734,514.416,0
2026-03-22 09:00:00,context,405.147,485.692,328.174,476.622,624.033,0
2026-03-22 10:00:00,context,492.592,558.091,384.444,561.087,725.975,0
2026-03-22 11:00:00,context,561.785,625.911,436.294,636.707,811.873,0
2026-03-22 12:00:00,context,667.716,700.005,488.098,706.593,893.952,0
2026-03-22 13:00:00,context,656.252,740.369,513.747,757.889,963.385,0
2026-03-22 14:00:00,context,709.459,784.058,536.146,794.938,1006.23,0
2026-03-22 15:00:00,context,667.426,791.34,547.949,814.848,1020.81,0
2026-03-22 16:00:00,context,636.22,790.249,542.387,817.906,1023.23,0
2026-03-22 17:00:00,context,620.643,769.947,522.17,794.775,998.177,0
2026-03-22 18:00:00,context,591.381,722.903,482.538,745.857,944.382,0
2026-03-22 19:00:00,context,623.438,660.786,435.546,679.809,869.272,0
2026-03-22 20:00:00,context,484.306,584.491,382.553,596.559,770.075,0
2026-03-22 21:00:00,context,460.888,499.086,316.524,505.168,662.898,0
2026-03-22 22:00:00,context,362.492,399.599,265.69,417.648,546.251,0
2026-03-22 23:00:00,context,336.146,337.292,215.995,341.085,454.345,0
2026-03-23 00:00:00,context,276.209,275.321,176.808,281.672,372.594,0
2026-03-23 01:00:00,context,252.135,218.143,127.351,221.829,308.676,0
2026-03-23 02:00:00,context,213.331,187.137,108.629,196.11,276.193,0
2026-03-23 03:00:00,context,193.452,190.115,108.733,190.352,259.847,0
2026-03-23 04:00:00,context,218.536,200.521,128.638,207.484,274.902,0
2026-03-23 05:00:00,context,248.357,232.187,151.841,241.927,314.693,0
2026-03-23 06:00:00,context,298.854,290.316,193.626,295.783,381.116,0
2026-03-23 07:00:00,context,376.38,356.639,249.245,367.25,467.078,0
2026-03-23 08:00:00,context,503.872,441.235,309.49,453.168,567.337,0
2026-03-23 09:00:00,context,651.894,602.776,548.653,599.544,667.757,0
2026-03-23 10:00:00,context,714.503,700.876,620.549,701.446,799.535,0
2026-03-23 11:00:00,context,801.574,808.36,687.103,797.743,921.8,0
2026-03-23 12:00:00,context,902.839,882.301,750.826,881.124,1020.11,0
2026-03-23 13:00:00,context,1016.73,935.363,795,937.859,1088.14,0
2026-03-23 14:00:00,context,1005.76,973.055,823.022,972.093,1128.01,0
2026-03-23 15:00:00,context,987.942,977.064,822.988,976.012,1136.04,0
2026-03-23 16:00:00,context,1049.97,965.723,810.655,965.51,1120.12,0
2026-03-23 17:00:00,context,975.049,921.027,775.403,920.759,1074.39,0
2026-03-23 18:00:00,context,958.731,843.058,715.638,853.008,996.239,0
2026-03-23 19:00:00,context,814.033,776.18,649.258,766.745,897.793,0
2026-03-23 20:00:00,context,665.717,654.059,567.064,665.896,778.679,0
2026-03-23 21:00:00,context,563.125,570.447,482.651,568.852,664.081,0
2026-03-23 22:00:00,context,541.065,472.502,397.413,468.77,549.247,0
2026-03-23 23:00:00,context,436.93,384.183,324.9,382.839,448.009,0
2026-03-24 00:00:00,context,315.631,310.498,259.277,309.173,364.299,0
2026-03-24 01:00:00,context,249.332,254.194,215.128,256.309,302.106,0
2026-03-24 02:00:00,context,229.408,225.989,188.535,224.086,268.928,0
2026-03-24 03:00:00,context,188.93,209.878,178.517,213.377,249.866,0
2026-03-24 04:00:00,context,204.224,227.985,199.691,231.592,269.024,0
2026-03-24 05:00:00,context,262.392,263.557,224.02,264.382,308.298,0
2026-03-24 06:00:00,context,312.246,335.386,281.355,330.029,382.467,0
2026-03-24 07:00:00,context,402.254,418.043,352.702,414.362,487.061,0
2026-03-24 08:00:00,context,495.898,506.844,425.636,514.933,594.366,0
2026-03-24 09:00:00,context,614.97,612.091,510.912,619.461,714.818,0
2026-03-24 10:00:00,context,759.486,718.57,600.893,723.67,833.685,0
2026-03-24 11:00:00,context,810.87,822.274,680.491,823.079,940.143,0
2026-03-24 12:00:00,context,919.784,898.612,751.075,906.127,1031.53,0
2026-03-24 13:00:00,context,857.529,949.779,797.997,964.433,1093.24,0
2026-03-24 14:00:00,context,993.54,975.993,826.857,991.365,1122.71,0
2026-03-24 15:00:00,context,967.234,995.033,840.235,1005.89,1134.32,0
2026-03-24 16:00:00,context,935.359,986.296,839.235,997.626,1122.99,0
2026-03-24 17:00:00,context,913.691,929.83,857.95,923.504,988.901,0
2026-03-24 18:00:00,context,876.447,861.98,787.994,865.604,941.748,0
2026-03-24 19:00:00,context,844.48,787.173,700.238,782.421,863.73,0
2026-03-24 20:00:00,context,662.775,673.166,600.083,675.257,749.075,0
2026-03-24 21:00:00,context,605.974,572.51,495.63,566.119,639.275,0
2026-03-24 22:00:00,context,488.121,475.112,409.69,470.783,533.566,0
2026-03-24 23:00:00,context,395.952,387.278,328.844,378.302,435.339,0
2026-03-25 00:00:00,context,334.633,295.03,261.411,299.25,348.045,0
2026-03-25 01:00:00,context,261.12,240.805,205.429,238.532,278.999,0
2026-03-25 02:00:00,context,228.103,199.844,169.693,204.938,240.784,0
2026-03-25 03:00:00,context,198.455,198.525,155.286,187.956,219.08,0
2026-03-25 04:00:00,context,206.367,203.513,169.518,201.299,233.005,0
2026-03-25 05:00:00,context,251.445,235.213,202.439,240.332,275.842,0
2026-03-25 06:00:00,context,322.563,309.565,260.318,301.285,343.318,0
2026-03-25 07:00:00,context,406.198,387.977,337.301,386.208,429.728,0
2026-03-25 08:00:00,context,473.276,472.405,416.95,473.76,525.757,0
2026-03-25 09:00:00,context,608.072,585.228,511.239,585.924,643.52,0
2026-03-25 10:00:00,context,718.376,696.921,606.67,693.524,762.06,0
2026-03-25 11:00:00,context,909.786,781.076,690.234,783.024,856.853,1
2026-03-25 12:00:00,context,975.783,862.111,769.624,868.548,943.052,1
2026-03-25 13:00:00,context,915.732,916.28,821.123,928.602,1005.79,0
2026-03-25 14:00:00,context,982.762,957.03,858.897,966.713,1045.16,0
2026-03-25 15:00:00,context,936.979,990.164,872.515,985.999,1069.32,0
2026-03-25 16:00:00,context,967.731,980.502,865.909,982.221,1072.78,0
2026-03-25 17:00:00,context,971.815,943.743,828.465,949.946,1045.35,0
2026-03-25 18:00:00,context,946.113,874.745,769.504,887.697,984.638,0
2026-03-25 19:00:00,context,778.889,798.238,693.122,802.126,898.504,0
2026-03-25 20:00:00,context,687.33,687.46,592.257,689.459,776.746,0
2026-03-25 21:00:00,context,540.597,581.342,494.45,580.153,660.254,0
2026-03-25 22:00:00,context,496.583,475.108,396.405,474.647,545.888,0
2026-03-25 23:00:00,context,381.435,384.393,313.555,379.617,442.246,0
2026-03-26 00:00:00,context,310.384,297.223,243.626,298.961,354.791,0
2026-03-26 01:00:00,context,243.204,246.02,232.533,249.998,267.963,0
2026-03-26 02:00:00,context,212.817,220.171,197.338,217.633,237.794,0
2026-03-26 03:00:00,context,182.423,193.977,176.758,198.869,220.449,0
2026-03-26 04:00:00,context,198.142,208.059,187.482,209.994,230.781,0
2026-03-26 05:00:00,context,281.449,244.915,214.684,245.384,272.136,1
2026-03-26 06:00:00,context,298.34,309.181,271.685,305.852,336.368,0
2026-03-26 07:00:00,context,380.832,386.457,349.721,393.065,431.63,0
2026-03-26 08:00:00,context,546.83,492.49,443.109,492.589,542.808,1
2026-03-26 09:00:00,context,693.914,614.901,548.028,609.346,665.624,1
2026-03-26 10:00:00,context,669.342,718.769,647.321,720.945,789.316,0
2026-03-26 11:00:00,context,794.034,814.942,733.52,820.468,894.941,0
2026-03-26 12:00:00,context,908.296,904.859,811.872,906.169,988.164,0
2026-03-26 13:00:00,context,1040.38,950.353,858.058,960.414,1049.15,0
2026-03-26 14:00:00,context,948.958,988.832,889.563,995.737,1086.32,0
2026-03-26 15:00:00,context,999.683,997.615,901.684,1006.47,1097.99,0
2026-03-26 16:00:00,context,1037.11,992.238,890.994,996.706,1091.24,0
2026-03-26 17:00:00,context,978.605,961.624,858.519,962.373,1055.84,0
2026-03-26 18:00:00,context,876.488,890.912,800.394,900.479,994.493,0
2026-03-26 19:00:00,context,803.8,813.068,723.556,809.825,893.82,0
2026-03-26 20:00:00,context,662.393,690.748,619.286,693.143,769.593,0
2026-03-26 21:00:00,context,598.972,574.478,516.522,581.743,644.016,0
2026-03-26 22:00:00,context,494.404,483.748,425.739,478.521,531.132,0
2026-03-26 23:00:00,context,407.799,379.005,339.361,386.789,432.615,0
2026-03-27 00:00:00,context,310.134,304.373,272.368,310.796,350.39,0
2026-03-27 01:00:00,context,260.431,244.536,213.016,246.441,285.842,0
2026-03-27 02:00:00,context,224.673,216.452,186.401,216.578,254.968,0
2026-03-27 03:00:00,context,201.554,200.913,172.021,201.129,233.714,0
2026-03-27 04:00:00,context,217.607,229.558,191.081,221.516,249.984,0
2026-03-27 05:00:00,context,255.121,261.042,223.551,261.428,297.717,0
2026-03-27 06:00:00,context,319.035,320.139,279.227,325.6,369.023,0
2026-03-27 07:00:00,context,388.667,405.358,355.343,408.192,460.086,0
2026-03-27 08:00:00,context,509.187,506.596,430.621,502.343,565.75,0
2026-03-27 09:00:00,context,603.526,610.028,572.44,615.196,655.904,0
2026-03-27 10:00:00,context,786.196,701.826,647.274,705.412,759.785,1
2026-03-27 11:00:00,context,873.49,799.516,721.286,794.781,858.522,1
2026-03-27 12:00:00,context,911.268,880.538,796.888,882.152,954.381,0
2026-03-27 13:00:00,context,922.097,936.149,848.694,944.075,1025.04,0
2026-03-27 14:00:00,context,943.752,976.076,882.269,980.413,1063.24,0
2026-03-27 15:00:00,context,1073.58,981.641,888.607,990.484,1075.06,0
2026-03-27 16:00:00,context,1012.56,979.095,883.775,985.014,1070.31,0
2026-03-27 17:00:00,context,981.87,942.894,856.511,953.533,1037.42,0
2026-03-27 18:00:00,context,816.258,885.739,797.022,888.984,966.403,0
2026-03-27 19:00:00,context,847.636,803.448,723.38,805.348,879.785,0
2026-03-27 20:00:00,context,728.187,694.163,625.135,698.877,768.449,0
2026-03-27 21:00:00,context,573.074,595.158,527.174,590.732,655.462,0
2026-03-27 22:00:00,context,489.678,493.261,436.08,494.142,550.298,0
2026-03-27 23:00:00,context,408.724,409.7,361.809,409.785,459.477,0
2026-03-28 00:00:00,context,319.996,332.328,284.787,328.356,371.544,0
2026-03-28 01:00:00,context,229.306,264.622,231.787,265.21,301.615,1
2026-03-28 02:00:00,context,207.241,227.877,202.729,232.226,266.302,0
2026-03-28 03:00:00,context,197.48,210.182,185.094,214.469,242.084,0
2026-03-28 04:00:00,context,209.909,217.492,189.89,217.871,245.016,0
2026-03-28 05:00:00,context,249.835,243.589,215.268,245.282,274.902,0
2026-03-28 06:00:00,context,236.675,296.317,259.655,293.877,328.175,1
2026-03-28 07:00:00,context,318.286,352.32,315.235,355.654,398.721,0
2026-03-28 08:00:00,context,384.37,427.537,371.844,429.396,482.215,0
2026-03-28 09:00:00,context,450.803,514.488,439.654,512.053,579.163,0
2026-03-28 10:00:00,context,498.021,594.414,501.793,589.302,671.413,1
2026-03-28 11:00:00,context,516.637,652.285,559.299,659.476,749.876,1
2026-03-28 12:00:00,context,627.116,723.808,622.62,731.843,831.267,0
2026-03-28 13:00:00,context,712.487,778.156,657.23,778.581,888.434,0
2026-03-28 14:00:00,context,628.103,791.977,673.185,797.854,914.145,1
2026-03-28 15:00:00,context,718.371,788.483,672.38,794.72,912.206,0
2026-03-28 16:00:00,context,669.157,792.481,664.384,790.077,913.546,0
2026-03-28 17:00:00,context,653.939,666.255,600.75,668.584,753.247,0
2026-03-28 18:00:00,context,584.654,642.341,567.591,642.531,734.269,0
2026-03-28 19:00:00,context,557.083,604.896,529.818,604.934,693.888,0
2026-03-28 20:00:00,context,540.635,537.392,467.918,538.02,615.306,0
2026-03-28 21:00:00,context,457.347,468.126,399.758,465.16,536.286,0
2026-03-28 22:00:00,context,414.169,391.41,333.161,388.901,449.916,0
2026-03-28 23:00:00,context,341.183,323.509,277.246,323.661,373.991,0
2026-03-29 00:00:00,context,277.558,266.297,229.017,268.001,308.619,0
2026-03-29 01:00:00,context,253.046,219.485,182.662,218.244,252.75,1
2026-03-29 02:00:00,context,212.903,194.798,168.693,194.348,227.236,0
2026-03-29 03:00:00,context,208.28,180.997,154.364,179.257,208.606,0
2026-03-29 04:00:00,context,205.242,183.661,154.887,180.88,211.841,0
2026-03-29 05:00:00,context,233.533,207.693,177.165,207.895,243.128,0
2026-03-29 06:00:00,context,262.149,235.274,202.955,238.434,279.704,0
2026-03-29 07:00:00,context,338.217,276.178,228.113,273.591,321.314,1
2026-03-29 08:00:00,context,358.799,324.362,271.969,326.625,390.668,0
2026-03-29 09:00:00,context,461.962,396.743,318.122,394.277,474.841,0
2026-03-29 10:00:00,context,503.048,464.274,365.03,459.982,562.406,0
2026-03-29 11:00:00,context,600.099,539.049,418.892,534.529,659.381,0
2026-03-29 12:00:00,context,640.769,607.194,470.724,601.38,743.609,0
2026-03-29 13:00:00,context,716.244,649.784,494.749,641.086,798.47,0
2026-03-29 14:00:00,context,705.831,654.816,505.654,656.542,816.172,0
2026-03-29 15:00:00,context,635.133,646.473,497.015,643.947,809.087,0
2026-03-29 16:00:00,context,678.726,646.505,498.874,646.07,808.528,0
2026-03-29 17:00:00,context,618.113,643.906,497.775,640.26,795.204,0
2026-03-29 18:00:00,context,601.721,616.605,481.543,608.859,752.109,0
2026-03-29 19:00:00,context,609.92,569.376,456.582,570.395,692.568,0
2026-03-29 20:00:00,context,524.265,492.602,395.675,494.386,594.419,0
2026-03-29 21:00:00,context,429.201,427.907,337.359,424.375,512.935,0
2026-03-29 22:00:00,context,362.077,365.412,292.365,365.246,444.551,0
2026-03-29 23:00:00,context,322.914,314.89,251.578,314.125,377.444,0
2026-03-30 00:00:00,context,255.169,260.111,217.402,266.869,323.383,0
2026-03-30 01:00:00,context,246.116,206.301,196.355,209.425,226.859,1
2026-03-30 02:00:00,context,217.24,194.081,174.542,193.086,211.036,1
2026-03-30 03:00:00,context,211.553,182.512,164.288,183.855,204.767,1
2026-03-30 04:00:00,context,220.416,208.252,184.775,204.541,225.69,0
2026-03-30 05:00:00,context,225.498,244.055,215.281,240.857,267.764,0
2026-03-30 06:00:00,context,324.398,300.251,266.302,298.172,327.254,0
2026-03-30 07:00:00,context,405.527,382.521,340.63,381.8,418.451,0
2026-03-30 08:00:00,context,512.925,481.207,433.143,482.255,527.61,0
2026-03-30 09:00:00,context,657.339,598.061,537.236,598.403,651.741,1
2026-03-30 10:00:00,context,640.224,690.879,618.402,693.513,760.894,0
2026-03-30 11:00:00,context,788.348,785.97,703.988,793.294,868.649,0
2026-03-30 12:00:00,context,923.447,870.202,776.165,873.994,960.347,0
2026-03-30 13:00:00,context,885.807,913.415,815.54,921.297,1016.86,0
2026-03-30 14:00:00,context,1076.7,945.993,841.33,950.366,1050.01,1
2026-03-30 15:00:00,context,1035.39,951.617,850.66,960.389,1055.77,0
2026-03-30 16:00:00,context,1045.25,951.896,851.623,956.243,1054.12,0
2026-03-30 17:00:00,context,934.585,923.66,829.245,926.509,1014.71,0
2026-03-30 18:00:00,context,933.696,855.271,771.994,860.715,947.159,0
2026-03-30 19:00:00,context,856.057,777.41,704.787,779.579,852.284,1
2026-03-30 20:00:00,context,722.483,667.015,607.702,668.8,733.181,0
2026-03-30 21:00:00,context,615.608,572.287,518.695,571.408,625.729,0
2026-03-30 22:00:00,context,509.568,478.928,437.346,478.992,523.554,0
2026-03-30 23:00:00,context,386.811,390.11,357.581,395.722,431.362,0
2026-03-31 00:00:00,context,317.303,319.574,287.423,322.233,350.689,0
2026-03-31 01:00:00,context,252.796,265.997,234.257,264.465,294.542,0
2026-03-31 02:00:00,context,218.023,228.44,202.617,229.686,259.626,0
2026-03-31 03:00:00,context,209.998,211.002,184.242,208.752,232.557,0
2026-03-31 04:00:00,context,202.602,219.715,192.375,215.996,238.803,0
2026-03-31 05:00:00,context,253.159,254.745,227.657,253.358,280.415,0
2026-03-31 06:00:00,context,343.384,312.324,282.446,313.183,343.299,1
2026-03-31 07:00:00,context,389.323,391.331,362.411,396.177,429.267,0
2026-03-31 08:00:00,context,482.271,502.341,462.421,507.377,544.854,0
2026-03-31 09:00:00,context,614.92,605.997,572.232,607.893,644.366,0
2026-03-31 10:00:00,context,744.757,714.139,664.137,714.583,765.43,0
2026-03-31 11:00:00,context,813.679,821.157,756.033,817.23,878.876,0
2026-03-31 12:00:00,context,957.587,913.666,840.889,910.535,977.266,0
2026-03-31 13:00:00,context,1004.19,951.452,882.173,956.666,1030.22,0
2026-03-31 14:00:00,context,1046.08,981.391,908.41,985.013,1058.66,0
2026-03-31 15:00:00,context,1046.01,985.374,914.643,992.715,1064.44,0
2026-03-31 16:00:00,context,1120.76,978.172,904.575,979.811,1049.98,1
2026-03-31 17:00:00,context,953.236,947.088,880.254,950.406,1014.87,0
2026-03-31 18:00:00,context,808.191,895.194,830.537,896.05,956.203,1
2026-03-31 19:00:00,context,878.753,818.632,757.039,812.389,868.104,1
2026-03-31 20:00:00,context,698.527,693.579,645.423,693.003,739.427,0
2026-03-31 21:00:00,context,612.333,587.448,545.04,585.021,626.437,0
2026-03-31 22:00:00,context,536.144,492.397,455.672,490.657,527.595,1
2026-03-31 23:00:00,context,372.138,398.615,369.34,397.687,427.94,0
2026-04-01 00:00:00,context,299.813,322.713,298.398,324.201,352.349,0
2026-04-01 01:00:00,context,234.413,259.076,235.255,255.513,280.629,1
2026-04-01 02:00:00,context,205.447,222.952,202.018,221.559,243.524,0
2026-04-01 03:00:00,context,204.396,195.316,185.425,203.193,223.288,0
2026-04-01 04:00:00,context,219.551,216.468,197.725,214.509,234.134,0
2026-04-01 05:00:00,context,258.348,251.597,228.378,248.715,270.675,0
2026-04-01 06:00:00,context,297.275,310.502,286.529,306.914,331.942,0
2026-04-01 07:00:00,context,357.905,400.15,366.393,392.266,423.558,1
2026-04-01 08:00:00,context,504.74,493.854,461.061,493.667,529.447,0
2026-04-01 09:00:00,context,594.96,606.719,563.389,608.1,652.872,0
2026-04-01 10:00:00,context,731.737,711.921,653.761,708.998,760.535,0
2026-04-01 11:00:00,context,842.643,810.926,749.462,810.781,869.342,0
2026-04-01 12:00:00,context,905.111,899.915,836.081,900.911,964.394,0
2026-04-01 13:00:00,context,1000.64,941.248,873.076,942.325,1009.01,0
2026-04-01 14:00:00,context,1016.47,970.645,895.45,969.599,1040.08,0
2026-04-01 15:00:00,context,1045.96,979.663,909.957,983.41,1056.69,0
2026-04-01 16:00:00,context,969.635,982.922,911.516,984.888,1057.38,0
2026-04-01 17:00:00,context,955.523,967.881,900.664,959.586,1022.28,0
2026-04-01 18:00:00,context,907.988,893.608,832.409,894.796,961.443,0
2026-04-01 19:00:00,context,847.767,811.057,746.942,808.758,872.62,0
2026-04-01 20:00:00,context,701.518,685.817,634.83,687.298,742.493,0
2026-04-01 21:00:00,context,625.505,589.328,540.37,586.712,635.324,0
2026-04-01 22:00:00,context,496.925,493.909,451.988,490.575,530.532,0
2026-04-01 23:00:00,context,402.454,403.956,367.512,397.412,431.605,0
2026-04-02 00:00:00,context,333.268,320.17,290.671,313.185,341.795,0
2026-04-02 01:00:00,context,229.491,252.353,229.178,249.566,272.086,0
2026-04-02 02:00:00,context,200.092,214.67,200.095,218.961,239.287,1
2026-04-02 03:00:00,context,185.178,206.342,181.284,197.586,214.748,0
2026-04-02 04:00:00,context,188.998,209.258,192.745,208.909,225.117,1
2026-04-02 05:00:00,context,246.259,251.25,231.264,252.283,267.828,0
2026-04-02 06:00:00,context,332.03,320.169,286.614,309.674,329.748,1
2026-04-02 07:00:00,context,399.161,398.723,365.347,393.071,417.495,0
2026-04-02 08:00:00,context,508.778,494.871,468.95,501.199,531.353,0
2026-04-02 09:00:00,context,643.121,621.038,579.362,622.32,658.722,0
2026-04-02 10:00:00,context,763.559,716.897,666.202,716.956,761.856,1
2026-04-02 11:00:00,context,812.111,819.005,757.281,815.249,867.841,0
2026-04-02 12:00:00,context,960.776,911.074,846.147,913.735,969.777,0
2026-04-02 13:00:00,context,969.516,967.801,897.47,971.251,1032.72,0
2026-04-02 14:00:00,context,963.952,979.058,911.085,988.539,1054,0
2026-04-02 15:00:00,context,989.778,1008.82,923.486,1005.4,1074.07,0
2026-04-02 16:00:00,context,931.686,1011.45,931.364,1012.05,1084.08,0
2026-04-02 17:00:00,context,922.385,964.094,887.857,969.701,1039.53,0
2026-04-02 18:00:00,context,884.004,886.958,819.628,897.482,962.254,0
2026-04-02 19:00:00,context,847.969,808.699,738.641,805.083,867.415,0
2026-04-02 20:00:00,context,777.957,688.942,631.926,689.6,743.15,1
2026-04-02 21:00:00,context,568.021,595.005,537.249,587.026,634.589,0
2026-04-02 22:00:00,context,513.943,492.315,448.501,493.888,532.341,0
2026-04-02 23:00:00,context,384.042,405.624,362.949,399.882,433.977,0
2026-04-03 00:00:00,context,327.762,313.354,283.688,312.294,344.076,0
2026-04-03 01:00:00,context,253.297,256.273,237.674,255.277,271.248,0
2026-04-03 02:00:00,context,194.392,224.078,204.527,220.542,238.823,1
2026-04-03 03:00:00,context,209.283,199.615,190.26,204.644,224.793,0
2026-04-03 04:00:00,context,207.51,224.174,203.572,218.659,236.412,0
2026-04-03 05:00:00,context,248.174,266.413,240.488,258.407,284.114,0
2026-04-03 06:00:00,context,303.078,327.696,301.53,323.405,348.272,0
2026-04-03 07:00:00,context,391.958,410.163,379.748,408.017,437.223,0
2026-04-03 08:00:00,context,515.007,512.558,479.622,512.295,547.199,0
2026-04-03 09:00:00,context,604.7,633.567,592.154,631.723,670.386,0
2026-04-03 10:00:00,context,728.524,730.244,687.179,735.352,780.868,0
2026-04-03 11:00:00,context,830.548,830.189,774.52,831.058,883.048,0
2026-04-03 12:00:00,context,960.334,913.105,849.875,910.674,970.015,0
2026-04-03 13:00:00,context,949.578,955.243,891.226,959.438,1022.59,0
2026-04-03 14:00:00,context,932.825,980.161,909.394,982.116,1049.21,0
2026-04-03 15:00:00,context,1075.73,1016.34,948.828,1022.07,1092.51,0
2026-04-03 16:00:00,context,990.598,1013.9,936.706,1014.07,1084.91,0
2026-04-03 17:00:00,context,1020.17,949.513,878.373,953.304,1020.39,0
2026-04-03 18:00:00,context,918.365,869.947,798.513,869.591,937.894,0
2026-04-03 19:00:00,context,810.721,819.272,746.192,811.146,870.623,0
2026-04-03 20:00:00,context,729.549,703.654,655.102,708.876,766.105,0
2026-04-03 21:00:00,context,670.342,598.967,551.336,603.122,648.742,1
2026-04-03 22:00:00,context,556.855,510.552,461.203,501.972,543.718,1
2026-04-03 23:00:00,context,406.811,400.778,369.21,402.123,440.59,0
2026-04-04 00:00:00,context,322.896,311.669,291.039,319.108,351.314,0
2026-04-04 01:00:00,context,245.566,252.674,225.424,248.084,280.972,0
2026-04-04 02:00:00,context,199.588,219.745,198.483,218.224,250.935,0
2026-04-04 03:00:00,context,203.331,203.222,181.596,199.308,224.017,0
2026-04-04 04:00:00,context,208.132,211.129,185.185,202.846,226.17,0
2026-04-04 05:00:00,context,236.692,228.633,206.728,231.036,258.039,0
2026-04-04 06:00:00,context,260.88,267.781,245.153,271.082,303.512,0
2026-04-04 07:00:00,context,297.605,333.491,301.536,330.891,364.823,1
2026-04-04 08:00:00,context,343.11,403.069,357.156,395.839,439.277,1
2026-04-04 09:00:00,context,421.676,444.384,413.431,448.38,480.721,0
2026-04-04 10:00:00,context,498.772,516.993,473.45,516.996,565.238,0
2026-04-04 11:00:00,context,561.63,582.014,530.301,583.172,641.639,0
2026-04-04 12:00:00,context,681.255,655.172,593.54,656.036,719.082,0
2026-04-04 13:00:00,context,696.837,703.728,636.108,704.25,777.866,0
2026-04-04 14:00:00,context,652.043,726.193,652.984,723.734,799.733,1
2026-04-04 15:00:00,context,705.484,729.582,654.402,730.741,807.606,0
2026-04-04 16:00:00,context,671.107,723.833,648.955,724.402,801.714,0
2026-04-04 17:00:00,context,651.038,686.712,619.472,691.954,768.269,0
2026-04-04 18:00:00,context,626.997,646.875,579.938,651.493,723.603,0
2026-04-04 19:00:00,context,587.808,626.453,566.043,628.95,698.803,0
2026-04-04 20:00:00,context,501.996,573.041,516.003,573.516,633.951,1
2026-04-04 21:00:00,context,470.566,511.872,457.39,508.451,564.249,0
2026-04-04 22:00:00,context,361.07,427.638,386.187,428.832,477.824,1
2026-04-04 23:00:00,context,323.517,363.526,324.787,361.695,403.318,1
2026-04-05 00:00:00,context,307.666,303.546,268.189,302.972,339.447,0
2026-04-05 01:00:00,context,235.672,245.579,218.898,246.006,280.429,0
2026-04-05 02:00:00,context,223.347,211.785,188.887,214.41,243.163,0
2026-04-05 03:00:00,context,200.915,201.504,178.421,203.098,228.882,0
2026-04-05 04:00:00,context,214.465,207.547,185.213,209.099,233.642,0
2026-04-05 05:00:00,context,232.418,227.294,199.508,226.467,254.099,0
2026-04-05 06:00:00,context,270.003,259.38,225.265,254.396,284.078,0
2026-04-05 07:00:00,context,310.864,287.451,263.95,296.761,334.548,0
2026-04-05 08:00:00,context,391.281,355.436,314.36,354.608,399.194,0
2026-04-05 09:00:00,context,427.941,446.834,389.299,440.379,497.608,0
2026-04-05 10:00:00,context,527.913,514.943,447.117,508.06,575.455,0
2026-04-05 11:00:00,context,601.458,571.044,505.32,574.211,648.131,0
2026-04-05 12:00:00,context,633.073,655.34,576.517,653.03,733.362,0
2026-04-05 13:00:00,context,651.502,700.694,620.831,704.697,789.887,0
2026-04-05 14:00:00,context,701.231,702.432,624.339,710.203,799.737,0
2026-04-05 15:00:00,context,683.402,688.681,609.181,695.179,785.586,0
2026-04-05 16:00:00,context,717.8,680.243,593.461,679.702,769.554,0
2026-04-05 17:00:00,context,600.534,658.886,613.721,660.609,711.27,1
2026-04-05 18:00:00,context,611.392,626.185,576.647,628.264,683.819,0
2026-04-05 19:00:00,context,513.866,600.54,551.694,602.835,657.654,1
2026-04-05 20:00:00,context,472.885,532.296,484.24,530.604,578.738,1
2026-04-05 21:00:00,context,477.635,454.267,410.53,454.186,496.864,0
2026-04-05 22:00:00,context,400.339,389.312,351.98,389.279,426.105,0
2026-04-05 23:00:00,context,311.945,328.597,298.579,327.576,360.498,0
2026-04-06 00:00:00,context,251.935,277.362,247.406,272.957,299.238,0
2026-04-06 01:00:00,context,217.371,234.157,205.598,229.628,250.462,0
2026-04-06 02:00:00,context,208.223,202,187.621,207.259,228.374,0
2026-04-06 03:00:00,context,224.204,191.365,177.029,193.115,212.487,1
2026-04-06 04:00:00,context,218.695,194.839,180.773,199.847,218.381,1
2026-04-06 05:00:00,context,248.07,236.244,212.142,235.238,257.099,0
2026-04-06 06:00:00,context,328.165,302.547,275.058,302.853,328.413,0
2026-04-06 07:00:00,context,374.378,376.877,345.358,378.668,409.731,0
2026-04-06 08:00:00,context,497.975,485.109,445.473,484.254,525.298,0
2026-04-06 09:00:00,context,615.235,613.804,558.26,609.248,656.758,0
2026-04-06 10:00:00,context,715.808,701.53,635.226,700.331,757.643,0
2026-04-06 11:00:00,context,850.715,798.116,720.871,792.384,858.9,0
2026-04-06 12:00:00,context,919.349,892.657,815.208,896.049,967.091,0
2026-04-06 13:00:00,context,1001.73,954.095,869.379,956.385,1033,0
2026-04-06 14:00:00,context,975.788,993.246,906.551,998.903,1077.96,0
2026-04-06 15:00:00,context,1070.66,1009.43,921.151,1015.4,1097.08,0
2026-04-06 16:00:00,context,1092.98,1002.63,912.75,1006.56,1088.32,1
2026-04-06 17:00:00,context,922.485,949.011,868.658,958.221,1034.37,0
2026-04-06 18:00:00,context,863.894,896.896,820.143,901.951,973.261,0
2026-04-06 19:00:00,context,873.319,832.427,764.005,834.46,895.763,0
2026-04-06 20:00:00,context,712.322,700.569,645.597,706.139,757.901,0
2026-04-06 21:00:00,context,655.467,591.105,539.82,588.916,635.485,1
2026-04-06 22:00:00,context,494.547,492.951,451.711,494.866,535.457,0
2026-04-06 23:00:00,context,435.818,397.474,359.538,396.283,427.42,1
2026-04-07 00:00:00,context,322.942,313.844,289.546,316.469,347.5,0
2026-04-07 01:00:00,context,258.57,251.71,238.324,254.529,270.443,0
2026-04-07 02:00:00,context,230.806,229.213,209.54,226.273,242.505,0
2026-04-07 03:00:00,context,196.382,205.562,193.686,208.668,228.409,0
2026-04-07 04:00:00,context,203.988,222.664,202.355,218.436,235.145,0
2026-04-07 05:00:00,context,249.561,257.149,241.039,259.15,281.494,0
2026-04-07 06:00:00,context,328.131,318,301.18,322.485,343.762,0
2026-04-07 07:00:00,context,374.544,401.07,374.999,401.13,424.831,1
2026-04-07 08:00:00,context,522.039,507.422,479.691,507.117,538.019,0
2026-04-07 09:00:00,context,596.255,636.236,597.83,632.981,665.857,1
2026-04-07 10:00:00,context,760.922,741.598,696.988,738.847,777.306,0
2026-04-07 11:00:00,context,721.144,829.523,783.736,832.923,875.164,1
2026-04-07 12:00:00,context,869.168,941.636,886.181,939.172,986.432,1
2026-04-07 13:00:00,context,888.574,975.71,923.906,980.786,1032.92,1
2026-04-07 14:00:00,context,969.899,1008.28,952.273,1013.35,1069.57,0
2026-04-07 15:00:00,context,1038.51,1028.25,970.518,1033.82,1091.14,0
2026-04-07 16:00:00,context,1002.72,1017.62,955.497,1019.34,1078.45,0
2026-04-07 17:00:00,context,958.283,958.954,895.16,956.263,1009.95,0
2026-04-07 18:00:00,context,897.791,884.698,828.158,886.228,938.052,0
2026-04-07 19:00:00,context,827.834,838.857,785.379,834.145,881.635,0
2026-04-07 20:00:00,context,683.619,714.725,674.64,715.981,757.603,0
2026-04-07 21:00:00,context,634.714,613.569,574.574,612.612,648.528,0
2026-04-07 22:00:00,context,522.931,509.987,478.013,508.584,538.354,0
2026-04-07 23:00:00,context,414.374,402.371,378.219,405.333,431.789,0
2026-04-08 00:00:00,context,329.932,319.378,298.64,321.576,343.273,0
2026-04-08 01:00:00,context,259.135,252.436,231.168,251.229,275.509,0
2026-04-08 02:00:00,context,235.862,231.301,206.827,226.435,249.362,0
2026-04-08 03:00:00,context,199.129,206.831,187.377,204.423,222.719,0
2026-04-08 04:00:00,context,210.793,217.052,196.042,210.99,229.233,0
2026-04-08 05:00:00,context,245.742,250.192,232.189,247.763,270.654,0
2026-04-08 06:00:00,context,304.472,310.089,288.692,311.374,335.227,0
2026-04-08 07:00:00,context,381.34,382.019,359.13,382.483,411.4,0
2026-04-08 08:00:00,context,483.836,501.223,461.129,494.078,525.17,0
2026-04-08 09:00:00,context,611.166,612.182,584.444,616.031,651.421,0
2026-04-08 10:00:00,context,732.382,725.966,686.425,730.059,777.084,0
2026-04-08 11:00:00,context,822.168,823.367,770.943,822.918,878.035,0
2026-04-08 12:00:00,context,871.058,922.82,859.806,919.126,977.159,0
2026-04-08 13:00:00,context,1015.19,957.246,901.073,962.459,1027.43,0
2026-04-08 14:00:00,context,1050.26,991.749,929.087,993.497,1058.04,0
2026-04-08 15:00:00,context,1018.75,1009.22,950.608,1016.09,1080.8,0
2026-04-08 16:00:00,context,979.843,999.121,937.53,1001.54,1065.68,0
2026-04-08 17:00:00,context,998.29,949.06,894.331,955.412,1013.02,0
2026-04-08 18:00:00,context,914.485,899.458,841.013,898.248,952.741,0
2026-04-08 19:00:00,context,760.958,825.225,776.533,827.066,877.066,1
2026-04-08 20:00:00,context,718.192,711.695,668.197,714.201,757.376,0
2026-04-08 21:00:00,context,621.659,605.172,568.481,606.902,646.838,0
2026-04-08 22:00:00,context,483.796,503.603,471.796,503.692,538.353,0
2026-04-08 23:00:00,context,410.695,404.425,379.554,407.218,436.201,0
2026-04-09 00:00:00,context,297.805,323.784,300.386,324.605,350.688,1
2026-04-09 01:00:00,context,272.492,252.484,229.805,249.007,270.777,1
2026-04-09 02:00:00,context,227.457,210.835,199.903,218.94,236.549,0
2026-04-09 03:00:00,context,197.475,197.145,188.342,203.302,219.012,0
2026-04-09 04:00:00,context,217.99,209.768,195.352,207.816,224.862,0
2026-04-09 05:00:00,context,224.66,247.295,228.326,245.441,262.986,1
2026-04-09 06:00:00,context,302.638,313.489,288.078,308.569,328.109,0
2026-04-09 07:00:00,context,400.951,385.203,360.686,383.075,410.094,0
2026-04-09 08:00:00,context,479.595,499.037,467.362,498.86,527.268,0
2026-04-09 09:00:00,context,635.833,615.997,577.769,619.804,657.096,0
2026-04-09 10:00:00,context,793.07,726.132,671.566,719.187,764.448,1
2026-04-09 11:00:00,context,772.633,808.331,755.317,809.51,858.978,0
2026-04-09 12:00:00,context,868.735,902.331,845.513,903.684,956.843,0
2026-04-09 13:00:00,context,983.984,956.343,890.995,954.042,1010.4,0
2026-04-09 14:00:00,context,1095.62,977.552,907.851,974.571,1034.87,1
2026-04-09 15:00:00,context,965.259,990.634,934.942,1001.28,1066.26,0
2026-04-09 16:00:00,context,1026.66,984.432,918.468,987.422,1051.8,0
2026-04-09 17:00:00,context,1061.29,975.786,915.714,966.673,1019.92,1
2026-04-09 18:00:00,context,832.043,896.232,845.962,898.335,952.066,1
2026-04-09 19:00:00,context,768.613,827.555,773.449,824.778,872.709,1
2026-04-09 20:00:00,context,706.082,716.056,676.028,719.315,762.051,0
2026-04-09 21:00:00,context,598.203,607.326,568.079,608.841,646.371,0
2026-04-09 22:00:00,context,527.607,508.165,471.371,504.981,537.468,0
2026-04-09 23:00:00,context,412.038,410.511,381.962,408.526,437.551,0
2026-04-10 00:00:00,context,292.817,329.788,307.952,329.013,353.447,1
2026-04-10 01:00:00,context,262.088,263.58,239.036,257.785,278.002,0
2026-04-10 02:00:00,context,207.934,220.29,203.851,219.663,239.387,0
2026-04-10 03:00:00,context,212.744,212.686,192.963,208.016,223.869,0
2026-04-10 04:00:00,context,207.4,213.355,197.33,211.623,227.503,0
2026-04-10 05:00:00,context,247.383,246.569,230.19,250.915,265.251,0
2026-04-10 06:00:00,context,330.072,326.298,294.006,315.992,335.972,0
2026-04-10 07:00:00,context,422.748,391.121,364.41,389.71,413.283,1
2026-04-10 08:00:00,context,518.548,494.986,468.53,497.453,526.78,0
2026-04-10 09:00:00,context,562.688,615.319,582,619.593,653.283,1
2026-04-10 10:00:00,context,741.198,728.564,687.825,733.442,776.068,0
2026-04-10 11:00:00,context,779.287,822.341,766.217,817.652,864.633,0
2026-04-10 12:00:00,context,918.355,910.264,855.226,912.969,963.44,0
2026-04-10 13:00:00,context,904.293,950.222,891.295,953.135,1008.78,0
2026-04-10 14:00:00,context,1037.72,959.533,906.362,972.666,1030.08,1
2026-04-10 15:00:00,context,987.729,1009.75,936.015,1004.42,1066.38,0
2026-04-10 16:00:00,context,950.053,990.468,925.453,994.376,1058.7,0
2026-04-10 17:00:00,context,1008.53,954.037,886.829,955.983,1019.86,0
2026-04-10 18:00:00,context,918.891,877.306,820.361,886.169,946.835,0
2026-04-10 19:00:00,context,796.835,815.983,758.903,815.068,871.194,0
2026-04-10 20:00:00,context,774.474,725.573,676.705,726.244,775.434,0
2026-04-10 21:00:00,context,601.217,633.776,582.489,626.328,670.719,0
2026-04-10 22:00:00,context,508.246,528.18,484.894,524.574,563.368,0
2026-04-10 23:00:00,context,412.883,423.813,385.366,417.737,452.19,0
2026-04-11 00:00:00,context,311.541,334.412,304.784,329.607,362.116,0
2026-04-11 01:00:00,context,238.845,249.738,233.151,248.596,269.11,0
2026-04-11 02:00:00,context,202.921,219.311,196.158,213.816,233.431,0
2026-04-11 03:00:00,context,195.884,195.512,183.458,201.373,220.512,0
2026-04-11 04:00:00,context,222.687,209.224,189.809,205.343,223.438,0
2026-04-11 05:00:00,context,221.215,224.814,202.935,220.889,244.778,0
2026-04-11 06:00:00,context,240.001,265.111,237.804,258.188,282.061,0
2026-04-11 07:00:00,context,350.637,299.704,278.945,303.904,330.743,1
2026-04-11 08:00:00,context,433.584,358.888,332.566,360.977,391.194,1
2026-04-11 09:00:00,context,439.93,433.33,397.954,431.655,467.614,0
2026-04-11 10:00:00,context,463.772,508.924,467.059,506.74,551.196,1
2026-04-11 11:00:00,context,564.681,573.227,526.798,575.012,622.895,0
2026-04-11 12:00:00,context,616.244,659.003,599.155,650.532,704.377,0
2026-04-11 13:00:00,context,658.487,688.258,636.055,693.028,752.289,0
2026-04-11 14:00:00,context,651.316,696.978,641.418,699.929,763.774,0
2026-04-11 15:00:00,context,718.462,694.023,638.751,701.197,764.969,0
2026-04-11 16:00:00,context,707.858,690.058,628.999,691.731,757.122,0
2026-04-11 17:00:00,context,615.225,664.154,610.023,672.376,732.739,0
2026-04-11 18:00:00,context,647.2,628.435,579.431,637.303,699.646,0
2026-04-11 19:00:00,context,632.644,598.083,542.335,596.981,646.813,0
2026-04-11 20:00:00,context,518.096,533.84,492.839,537.645,586.9,0
2026-04-11 21:00:00,context,441.624,482.505,436.778,479.553,522.054,0
2026-04-11 22:00:00,context,381.981,410.972,366.991,404.926,441.092,0
2026-04-11 23:00:00,context,334.6,334.924,309.637,340.587,375.847,0
2026-04-12 00:00:00,context,249.378,282.655,261.762,289.651,320.401,1
2026-04-12 01:00:00,context,235.313,237.795,215.232,240.683,271.491,0
2026-04-12 02:00:00,context,204.423,220.59,193.741,216.418,246.57,0
2026-04-12 03:00:00,context,218.478,198.961,182.537,202.007,224.648,0
2026-04-12 04:00:00,context,206.679,207.534,183.654,202.447,224.114,0
2026-04-12 05:00:00,context,252.866,216.926,197.163,220.773,242.973,1
2026-04-12 06:00:00,context,257.959,252.885,231.968,257.145,283.589,0
2026-04-12 07:00:00,context,334.205,303.355,281,309.229,337.388,0
2026-04-12 08:00:00,context,390.964,370.517,332.81,367.776,401.666,0
2026-04-12 09:00:00,context,429.845,447.013,419.221,449.741,478.435,0
2026-04-12 10:00:00,context,518.49,522.904,480.306,519.73,559.016,0
2026-04-12 11:00:00,context,608.905,582.834,537.728,584.019,630.452,0
2026-04-12 12:00:00,context,615.646,650.387,599.921,650.999,700.258,0
2026-04-12 13:00:00,context,609.145,681.666,627.893,683.64,740.118,1
2026-04-12 14:00:00,context,689.78,697.028,639.688,697.357,755.463,0
2026-04-12 15:00:00,context,667.378,694.979,636.119,695.914,754.269,0
2026-04-12 16:00:00,context,678.624,687.769,628.512,688.527,745.226,0
2026-04-12 17:00:00,context,662.832,637.398,589.118,646.21,700.795,0
2026-04-12 18:00:00,context,572.543,608.04,557.686,613.084,664.171,0
2026-04-12 19:00:00,context,527.88,563.759,519.62,568.15,616.239,0
2026-04-12 20:00:00,context,526.503,497.262,458.478,501.999,542.938,0
2026-04-12 21:00:00,context,437.794,451.22,411.515,451.581,489.139,0
2026-04-12 22:00:00,context,335.6,383.116,351.836,383.366,417.212,1
2026-04-12 23:00:00,context,337.531,316.271,291.148,318.951,347.219,0
2026-04-13 00:00:00,context,276.821,261.149,237.917,264.438,289.846,0
2026-04-13 01:00:00,context,246.605,223.323,206.361,226.614,250.027,0
2026-04-13 02:00:00,context,200.074,209.336,190.651,210.046,231.615,0
2026-04-13 03:00:00,context,208.358,200.472,186.577,205.227,224.482,0
2026-04-13 04:00:00,context,217.918,212.945,198.975,215.598,234.903,0
2026-04-13 05:00:00,context,286.213,246.537,225.592,246.376,268.357,1
2026-04-13 06:00:00,context,328.641,307.916,281.845,305.478,330.155,0
2026-04-13 07:00:00,context,415.982,377.338,350.345,379.96,411.418,1
2026-04-13 08:00:00,context,504.211,490.511,451.804,490.375,525.93,0
2026-04-13 09:00:00,context,641.355,600.664,555.013,604.025,650.937,0
2026-04-13 10:00:00,context,746.565,707.647,650.349,709.547,763.665,0
2026-04-13 11:00:00,context,875.951,798.145,734.18,800.46,859.731,1
2026-04-13 12:00:00,context,886.868,895.481,826.754,898.142,963.039,0
2026-04-13 13:00:00,context,955.534,956.334,885.725,964.273,1033.58,0
2026-04-13 14:00:00,context,994.037,1007.53,930.154,1012.72,1085.98,0
2026-04-13 15:00:00,context,1073.5,1029.46,953.601,1036.72,1110.25,0
2026-04-13 16:00:00,context,1094.83,1038.87,957.5,1041.21,1109.59,0
2026-04-13 17:00:00,context,954.564,999.927,935.092,992.217,1051.11,0
2026-04-13 18:00:00,context,891.502,900.72,847.527,906.097,968.251,0
2026-04-13 19:00:00,context,837.593,836.124,779.065,835.917,895.427,0
2026-04-13 20:00:00,context,715.339,726.198,675.171,725.707,776.609,0
2026-04-13 21:00:00,context,645.822,622.091,573.856,618.312,665.749,0
2026-04-13 22:00:00,context,451.428,515.862,475.575,513.444,553.954,1
2026-04-13 23:00:00,context,391.386,426.057,386.216,415.388,450.411,0
2026-04-14 00:00:00,context,309.407,328.686,300.492,324.879,354.335,0
2026-04-14 01:00:00,context,226.131,265.312,238.53,260.741,285.202,1
2026-04-14 02:00:00,context,203.875,227.636,209.732,229.81,250.711,1
2026-04-14 03:00:00,context,190.848,210.412,193.404,209.479,229.2,1
2026-04-14 04:00:00,context,212.043,216.663,196.355,214.351,231.493,0
2026-04-14 05:00:00,context,270.059,252.692,229.108,251.616,268.887,1
2026-04-14 06:00:00,context,318.1,318.939,290.098,311.51,334.942,0
2026-04-14 07:00:00,context,387.31,393.059,364.981,391.397,416.316,0
2026-04-14 08:00:00,context,507.429,496.164,465.574,495.38,525.971,0
2026-04-14 09:00:00,context,649.116,624.13,583.049,619.141,652.133,0
2026-04-14 10:00:00,context,689.296,741.057,690.054,736.231,774.334,1
2026-04-14 11:00:00,context,787.643,806.96,754.637,803.6,846.96,0
2026-04-14 12:00:00,context,937.037,887.678,835.128,888.733,934.858,1
2026-04-14 13:00:00,context,967.034,952.614,894.92,953.626,1005.33,0
2026-04-14 14:00:00,context,1052.56,991.7,937.292,1000.55,1053.01,0
2026-04-14 15:00:00,context,1033.1,1013.83,950.579,1015.77,1071.5,0
2026-04-14 16:00:00,context,1055.42,1009.64,942.938,1007.27,1065.66,0
2026-04-14 17:00:00,context,927.426,960.958,896.728,961.302,1017.58,0
2026-04-14 18:00:00,context,911.272,877.144,824.002,883.576,938.967,0
2026-04-14 19:00:00,context,816.804,815.558,760.55,811.407,861.103,0
2026-04-14 20:00:00,context,680.884,705.952,659.471,705.738,748.089,0
2026-04-14 21:00:00,context,568.811,604.244,568.104,603.682,641.528,0
2026-04-14 22:00:00,context,526.582,505.836,469.857,503.04,536.658,0
2026-04-14 23:00:00,context,401.379,408.915,375.047,404.827,431.803,0
2026-04-15 00:00:00,context,305.704,317.91,293.384,316.1,342.406,0
2026-04-15 01:00:00,context,254.656,246.413,236.76,249.695,265.725,0
2026-04-15 02:00:00,context,226.297,223.159,208.893,223.659,238.861,0
2026-04-15 03:00:00,context,177.193,200.391,188.777,202.539,218.909,1
2026-04-15 04:00:00,context,198.186,220.301,201.859,214.291,228.932,1
2026-04-15 05:00:00,context,244.091,250.487,236.87,252.512,271.224,0
2026-04-15 06:00:00,context,345.754,312.579,293.787,311.364,329.62,1
2026-04-15 07:00:00,context,414.417,395.332,377.338,399.353,421.463,0
2026-04-15 08:00:00,context,528.842,503.611,479.832,505.696,534.216,0
2026-04-15 09:00:00,context,582.14,629.136,597.276,628.81,660.408,1
2026-04-15 10:00:00,context,684.773,736.594,699.321,735.529,774.451,1
2026-04-15 11:00:00,context,844.568,818.386,775.13,820.433,861.515,0
2026-04-15 12:00:00,context,915.213,912.655,861.487,909.093,954.862,0
2026-04-15 13:00:00,context,1005.79,969.629,925.065,976.198,1027.47,0
2026-04-15 14:00:00,context,1011.1,1013.68,962.542,1018.54,1072.04,0
2026-04-15 15:00:00,context,1049.35,1014.9,961.704,1020.32,1076.31,0
2026-04-15 16:00:00,context,1028.84,1014.21,952.459,1012.68,1070.75,0
2026-04-15 17:00:00,context,1017.19,979.428,920.234,978.785,1032.82,0
2026-04-15 18:00:00,context,949.63,896.472,844.337,900.951,954.7,0
2026-04-15 19:00:00,context,759.428,814.446,767.303,814.97,861.634,1
2026-04-15 20:00:00,context,644.137,707.929,669.985,709.472,751.918,1
2026-04-15 21:00:00,context,648.554,603.163,565.361,602.304,637.377,1
2026-04-15 22:00:00,context,539.809,503.982,469.882,499.342,527.412,1
2026-04-15 23:00:00,context,387.97,400.653,380.565,403.995,429.992,0
2026-04-16 00:00:00,context,292.364,309.375,293.219,313.91,334.322,1
2026-04-16 01:00:00,context,257.231,251.427,234.492,253.666,275.074,0
2026-04-16 02:00:00,context,224.205,227.695,204.519,221.546,242.978,0
2026-04-16 03:00:00,context,217.976,198.632,187.113,202.207,218.278,0
2026-04-16 04:00:00,context,219.766,212.005,197.764,212,227.628,0
2026-04-16 05:00:00,context,251.218,252.609,234.821,250.353,268.678,0
2026-04-16 06:00:00,context,307.984,307.321,289.214,310.461,329.43,0
2026-04-16 07:00:00,context,409.163,391.2,371.379,393.205,418.617,0
2026-04-16 08:00:00,context,502.098,511.412,475.917,506.189,536.469,0
2026-04-16 09:00:00,context,586.544,622.552,598.649,626.672,657.418,1
2026-04-16 10:00:00,context,800.476,734.782,700.871,737.096,777.077,1
2026-04-16 11:00:00,context,900.739,823.006,775.051,820.928,863.34,1
2026-04-16 12:00:00,context,965.421,912.095,864.194,912.705,958.508,1
2026-04-16 13:00:00,context,934.877,979.913,932.502,986.354,1036.38,0
2026-04-16 14:00:00,context,1065.49,1026.39,971.466,1026.64,1078.59,0
2026-04-16 15:00:00,context,1069.23,1017.86,965.663,1023.38,1076.61,0
2026-04-16 16:00:00,context,1044.51,1013.92,961.605,1018.3,1073.31,0
2026-04-16 17:00:00,context,1041.42,981.414,933.97,989.66,1040.3,1
2026-04-16 18:00:00,context,942.803,905.697,848.72,900.335,949.436,0
2026-04-16 19:00:00,context,857.822,806.5,765.064,812.571,857.096,1
2026-04-16 20:00:00,context,749.528,708.172,672.834,716.519,756.057,0
2026-04-16 21:00:00,context,628.724,605.714,570.162,608.29,644.604,0
2026-04-16 22:00:00,context,464.493,507.665,474.104,505.235,538.047,1
2026-04-16 23:00:00,context,410.83,410.458,378.459,405.389,434.263,0
2026-04-17 00:00:00,context,313.537,315.842,291.018,315.021,340.471,0
2026-04-17 01:00:00,context,239.655,255.187,237.706,257.026,278.902,0
2026-04-17 02:00:00,context,232.27,218.379,208.833,226.962,244.771,0
2026-04-17 03:00:00,context,217.29,202.785,194.892,210.019,226.674,0
2026-04-17 04:00:00,context,228.816,220.316,207.2,220.593,237.223,0
2026-04-17 05:00:00,context,259.32,256.488,238.539,254.806,272.154,0
2026-04-17 06:00:00,context,344.33,321.572,298.877,319.007,338.489,1
2026-04-17 07:00:00,context,409.461,403.02,381.692,402.83,429.742,0
2026-04-17 08:00:00,context,515.322,508.659,476.559,506.76,534.888,0
2026-04-17 09:00:00,context,584.662,609.673,572.242,611.127,646.916,0
2026-04-17 10:00:00,context,741.243,731.95,680.453,723.571,766.848,0
2026-04-17 11:00:00,context,830.285,812.739,764.859,814.661,859.833,0
2026-04-17 12:00:00,context,854.941,907.207,856.332,909.048,957.233,1
2026-04-17 13:00:00,context,978.554,969.72,908.387,966.06,1018.47,0
2026-04-17 14:00:00,context,1018.85,1007.06,943.351,1003.74,1061.98,0
2026-04-17 15:00:00,context,1130.46,1015.39,959.963,1022.47,1083.39,1
2026-04-17 16:00:00,context,1068.76,1014.36,954.951,1017.56,1079.66,0
2026-04-17 17:00:00,context,981.804,1020.3,958.868,1017.07,1076.38,0
2026-04-17 18:00:00,context,926.128,925.309,862.559,923.381,985.054,0
2026-04-17 19:00:00,context,829.902,838.604,776.817,836.041,892.083,0
2026-04-17 20:00:00,context,719.738,731.583,683.842,734.037,783.094,0
2026-04-17 21:00:00,context,585.274,622.865,575.97,622.198,664.735,0
2026-04-17 22:00:00,context,506.541,512.994,474.538,513.18,549.757,0
2026-04-17 23:00:00,context,394.132,407.706,378.652,407.292,438.371,0
2026-04-18 00:00:00,context,302.501,310.486,289.676,312.607,338.816,0
2026-04-18 01:00:00,context,239.643,247.8,221.062,240.936,262.334,0
2026-04-18 02:00:00,context,212.644,213.167,192.34,209.455,229.217,0
2026-04-18 03:00:00,context,182.133,195.186,181.534,196.508,214.225,0
2026-04-18 04:00:00,context,207.285,210.534,193.947,208.717,226.65,0
2026-04-18 05:00:00,context,245.311,226.59,210.062,229.884,246.691,0
2026-04-18 06:00:00,context,288.121,272.118,245.29,266.657,286.246,1
2026-04-18 07:00:00,context,342.406,333.417,307.556,329.904,354.107,0
2026-04-18 08:00:00,context,387.095,392.869,367.184,392.399,420.105,0
2026-04-18 09:00:00,context,432.355,438.976,409.831,443.071,473.702,0
2026-04-18 10:00:00,context,488.533,502.991,466.5,504.408,544.254,0
2026-04-18 11:00:00,context,587.131,582.894,540.161,582.158,626.676,0
2026-04-18 12:00:00,context,641.222,643.332,594.556,642.435,689.811,0
2026-04-18 13:00:00,context,712.358,676.736,624.512,676.224,728.34,0
2026-04-18 14:00:00,context,732.623,682.914,637.227,692.13,746.165,0
2026-04-18 15:00:00,context,698.381,708.98,646.638,701.022,760.714,0
2026-04-18 16:00:00,context,651.282,695.274,640.675,695.245,755.265,0
2026-04-18 17:00:00,context,658.705,662.019,605.607,661.81,720.529,0
2026-04-18 18:00:00,context,636.272,628.573,579.131,633.115,690.189,0
2026-04-18 19:00:00,context,571.523,600.799,551.785,597.981,648.018,0
2026-04-18 20:00:00,context,501.771,531.058,492.855,533.408,578.242,0
2026-04-18 21:00:00,context,457.31,461.972,420.206,456.852,496.04,0
2026-04-18 22:00:00,context,376.753,391.822,353.931,385.753,423.706,0
2026-04-18 23:00:00,context,315.583,335.097,300.203,328.483,360.346,0
2026-04-19 00:00:00,context,277.967,267.774,245.174,268.602,300.642,0
2026-04-19 01:00:00,context,229.018,234.47,216.899,230.412,251.233,0
2026-04-19 02:00:00,context,211.121,216.559,193.959,211.279,229.489,0
2026-04-19 03:00:00,context,202.732,199.947,183.152,200.299,218.681,0
2026-04-19 04:00:00,context,196.694,213.072,194.639,207.703,225.024,0
2026-04-19 05:00:00,context,228.099,232.117,210.9,228.98,248.733,0
2026-04-19 06:00:00,context,293.408,266.049,241.91,261.875,283.267,1
2026-04-19 07:00:00,context,306.937,311.182,293.577,316.736,341.518,0
2026-04-19 08:00:00,context,345.683,366.617,341.383,369.063,396.841,0
2026-04-19 09:00:00,context,409.715,435.138,403.987,434.134,468.378,0
2026-04-19 10:00:00,context,517.705,509.688,468.651,505.533,547.412,0
2026-04-19 11:00:00,context,578.593,581.274,537.681,583.19,626.949,0
2026-04-19 12:00:00,context,626.17,625.613,577.156,623.953,672.56,0
2026-04-19 13:00:00,context,710.589,649.572,602.075,652.427,705.332,1
2026-04-19 14:00:00,context,602.209,677.192,624.726,678.211,733.973,1
2026-04-19 15:00:00,context,717.646,680.397,627.991,683.435,738.565,0
2026-04-19 16:00:00,context,749.433,677.589,622.274,677.599,733.787,1
2026-04-19 17:00:00,context,632.243,632.129,584.156,638.717,690.056,0
2026-04-19 18:00:00,context,618.056,586.91,544.493,593.831,648.519,0
2026-04-19 19:00:00,context,556.118,559.312,513.093,557.421,600.187,0
2026-04-19 20:00:00,context,494.008,496.441,460.497,497.93,537.457,0
2026-04-19 21:00:00,context,444.57,443.379,408.808,442.114,477.86,0
2026-04-19 22:00:00,context,414.35,382.222,349.453,378.046,407.834,1
2026-04-19 23:00:00,context,355.934,327.32,302.204,327.282,353.183,1
2026-04-20 00:00:00,context,269.206,264.004,246.297,268.942,289.67,0
2026-04-20 01:00:00,context,280.68,232.502,214.819,235.036,258.769,1
2026-04-20 02:00:00,context,214.693,219.559,196.329,217.621,241.136,0
2026-04-20 03:00:00,context,217.537,205.628,191.156,208.401,225.692,0
2026-04-20 04:00:00,context,213.314,217.064,196.898,213.741,231.832,0
2026-04-20 05:00:00,context,257.961,256.387,232.981,255.196,275.667,0
2026-04-20 06:00:00,context,328.953,311.941,283.712,312.402,336.667,0
2026-04-20 07:00:00,context,475.249,392.366,366.388,398.322,428.72,1
2026-04-20 08:00:00,context,533.188,502.782,457.496,502.63,539.899,0
2026-04-20 09:00:00,context,598.259,640.626,599.537,637.687,673.459,1
2026-04-20 10:00:00,context,764.292,743.303,690.155,744.449,793.552,0
2026-04-20 11:00:00,context,815.335,858.846,789.192,857.369,915.793,0
2026-04-20 12:00:00,context,894.966,933.134,861.444,937.967,1003.1,0
2026-04-20 13:00:00,context,1028.98,996.45,915.153,1000.1,1072.55,0
2026-04-20 14:00:00,context,1027.89,1045.49,957.471,1045.97,1122.11,0
2026-04-20 15:00:00,context,1055.16,1072.33,986.194,1077.8,1155.15,0
2026-04-20 16:00:00,context,1027.11,1061.42,972.872,1063.12,1141.66,0
2026-04-20 17:00:00,context,1001.01,988.321,907.62,994.119,1072.59,0
2026-04-20 18:00:00,context,937.175,907.898,829.92,913.643,987.218,0
2026-04-20 19:00:00,context,750.196,824.386,750.613,823.172,892.457,1
2026-04-20 20:00:00,context,753.579,703.082,648.338,712.928,774.464,0
2026-04-20 21:00:00,context,590.01,616.007,555.405,611.536,668.731,0
2026-04-20 22:00:00,context,474.768,504.754,452.384,499.067,548.445,0
2026-04-20 23:00:00,context,409.064,408.813,366.997,405.883,446.436,0
2026-04-21 00:00:00,context,324.533,315.183,283.471,317.221,353.176,0
2026-04-21 01:00:00,context,247.457,252.459,233.401,258.461,289.982,0
2026-04-21 02:00:00,context,223.237,232.318,205.858,228.468,256.031,0
2026-04-21 03:00:00,context,186.578,202.924,190.335,210.703,234.777,1
2026-04-21 04:00:00,context,209.972,219.298,202.739,220.541,243.483,0
2026-04-21 05:00:00,context,248.862,259.089,235.334,257.126,282.691,0
2026-04-21 06:00:00,context,322.464,316.798,295.666,319.953,348.095,0
2026-04-21 07:00:00,context,416.079,402.636,367.106,399.269,432.387,0
2026-04-21 08:00:00,context,486.049,497.473,458.131,498.827,535.992,0
2026-04-21 09:00:00,context,643.242,611.69,561.411,611.791,660.1,0
2026-04-21 10:00:00,context,731.992,712.629,650.237,711.179,769.543,0
2026-04-21 11:00:00,context,752.584,808.793,737.585,809.129,873.836,0
2026-04-21 12:00:00,context,828.468,898.337,822.688,900.403,971.999,0
2026-04-21 13:00:00,context,984.723,959.624,880.094,963.589,1039.72,0
2026-04-21 14:00:00,context,1016.07,1017.8,928.672,1017.65,1098.32,0
2026-04-21 15:00:00,context,1036.42,1032.46,947.151,1037.84,1118.21,0
2026-04-21 16:00:00,context,1026.08,1029.19,945.446,1033.85,1110,0
2026-04-21 17:00:00,context,996.622,973.317,920.157,965.156,1011.18,0
2026-04-21 18:00:00,context,962.179,890.845,844.73,893.353,942.62,1
2026-04-21 19:00:00,context,785.306,804.234,757.236,804.349,853.227,0
2026-04-21 20:00:00,context,687.216,697.414,655.321,698.647,740.35,0
2026-04-21 21:00:00,context,587.097,604.438,559.45,596.882,637.298,0
2026-04-21 22:00:00,context,519.488,500.617,469.131,501.194,534.123,0
2026-04-21 23:00:00,context,436.103,411.843,379.027,403.708,432.787,1
2026-04-22 00:00:00,context,316.369,321.648,300.762,318.947,344.183,0
2026-04-22 01:00:00,context,224.348,260.549,238.246,253.866,274.948,1
2026-04-22 02:00:00,context,196.088,220.172,206.737,223.352,238.725,1
2026-04-22 03:00:00,context,191.67,212.556,188.151,199.677,216.048,0
2026-04-22 04:00:00,context,208.375,215.137,200.888,213.905,229.009,0
2026-04-22 05:00:00,context,251.199,258.924,237.651,253.973,271.512,0
2026-04-22 06:00:00,context,324.009,327.375,302.376,320.986,341.282,0
2026-04-22 07:00:00,context,404.242,402.596,379.877,402.739,426.893,0
2026-04-22 08:00:00,context,539.144,497.062,471.111,498.709,526.294,1
2026-04-22 09:00:00,context,600.332,605.396,571.122,604.733,635.89,0
2026-04-22 10:00:00,context,698.92,734.366,682.58,724.866,762.805,0
2026-04-22 11:00:00,context,851.994,833.419,781.951,829.297,872.242,0
2026-04-22 12:00:00,context,848.791,906.984,858.27,909.854,955.122,1
2026-04-22 13:00:00,context,1005.62,976.614,919.114,978.792,1028.9,0
2026-04-22 14:00:00,context,1033.82,1013.7,954.545,1018.37,1071.25,0
2026-04-22 15:00:00,context,1035.26,1033.33,960.875,1025.4,1080.51,0
2026-04-22 16:00:00,context,1110.33,1020.44,954.641,1019.56,1076.57,1
2026-04-22 17:00:00,context,955.881,987.662,922.829,987.61,1042.54,0
2026-04-22 18:00:00,context,1014.36,904.22,852.549,912.586,965.224,1
2026-04-22 19:00:00,context,822.975,801.724,748.163,799.644,846.852,0
2026-04-22 20:00:00,context,684.056,696.204,648.621,694.559,736.32,0
2026-04-22 21:00:00,context,623.792,604.667,565.824,603.3,639.49,0
2026-04-22 22:00:00,context,484.934,498.945,466.47,500.325,531.931,0
2026-04-22 23:00:00,context,395.391,401.144,366.162,395.926,422.304,0
2026-04-23 00:00:00,context,329.932,309.837,283.425,307.925,332.274,0
2026-04-23 01:00:00,context,263.624,253.308,241.445,256.56,275.529,0
2026-04-23 02:00:00,context,207.702,222.729,205.572,221.616,237.127,0
2026-04-23 03:00:00,context,209.874,202.741,188.583,204.395,219.439,0
2026-04-23 04:00:00,context,226.779,219.357,201.584,215.843,229.861,0
2026-04-23 05:00:00,context,274.933,252.038,235.174,252.397,273.035,1
2026-04-23 06:00:00,context,332.117,323.43,300.681,321.954,341.435,0
2026-04-23 07:00:00,context,438.942,405.168,383.347,409.231,433.404,1
2026-04-23 08:00:00,context,464.477,513.827,481.629,512.247,540.699,1
2026-04-23 09:00:00,context,612.019,625.948,585.001,620.893,652.793,0
2026-04-23 10:00:00,context,699.437,739.306,697.851,738.575,778.721,0
2026-04-23 11:00:00,context,837.894,830.777,781.242,832.465,876.794,0
2026-04-23 12:00:00,context,894.062,907.806,855.085,910.567,960.481,0
2026-04-23 13:00:00,context,979.259,966.764,914.908,976.388,1031.87,0
2026-04-23 14:00:00,context,1126.57,1012.01,953.874,1017.7,1076.96,1
2026-04-23 15:00:00,context,1035.24,1035.72,974.476,1042.06,1104.58,0
2026-04-23 16:00:00,context,1051.07,1037.37,966.864,1036.94,1101.62,0
2026-04-23 17:00:00,context,976.171,994.208,930.504,999.786,1060.09,0
2026-04-23 18:00:00,context,924.087,916.411,856.299,922.099,981.675,0
2026-04-23 19:00:00,context,833.465,825.263,762.823,820.654,872.016,0
2026-04-23 20:00:00,context,747.827,712.177,671.326,716.902,765.067,0
2026-04-23 21:00:00,context,658.443,609.743,570.717,615.441,654.381,1
2026-04-23 22:00:00,context,555.188,513.418,470.999,507.587,539.821,1
2026-04-23 23:00:00,context,417.484,400.937,380.322,409.61,437.612,0
2026-04-24 00:00:00,context,333.219,320.714,298.256,322.381,344.292,0
2026-04-24 01:00:00,context,241.811,258.844,237.976,259.999,283.576,0
2026-04-24 02:00:00,context,213.448,226.414,210.892,228.924,252.437,0
2026-04-24 03:00:00,context,209.403,216.657,199.709,217.537,233.656,0
2026-04-24 04:00:00,context,223.674,226.138,207.976,225.907,240.148,0
2026-04-24 05:00:00,context,259.303,260.351,242.39,261.71,280.681,0
2026-04-24 06:00:00,context,338.067,320.249,305.812,328.463,350.848,0
2026-04-24 07:00:00,context,421.305,410.517,384.263,410.83,437.76,0
2026-04-24 08:00:00,context,543.908,512.338,478.011,511.427,543.084,1
2026-04-24 09:00:00,context,631.482,622.495,587.712,623.057,653.896,0
2026-04-24 10:00:00,context,718.835,745.298,703.834,746.214,790.579,0
2026-04-24 11:00:00,context,847.787,848.586,794.352,845.059,895.362,0
2026-04-24 12:00:00,context,786.331,910.604,855.159,910.764,963.603,1
2026-04-24 13:00:00,context,1007.45,976.919,918.983,978.434,1038.23,0
2026-04-24 14:00:00,context,842.753,1032.41,971.249,1032.37,1094.69,1
2026-04-24 15:00:00,context,955.167,1069.86,1008.12,1072.26,1135.53,1
2026-04-24 16:00:00,context,1054.17,1059.99,993.256,1055.54,1119.58,0
2026-04-24 17:00:00,context,1012.31,1001.05,947.557,1006.46,1068.75,0
2026-04-24 18:00:00,context,868.014,936.597,875.772,934.484,990.699,1
2026-04-24 19:00:00,context,804.374,841.075,791.704,841.705,896.799,0
2026-04-24 20:00:00,context,782.323,735.109,694.676,740.471,788.245,0
2026-04-24 21:00:00,context,607.69,627.065,582.338,622.558,666.491,0
2026-04-24 22:00:00,context,570.932,518.212,482.523,515.725,554.201,1
2026-04-24 23:00:00,context,411.365,416.379,384.674,412.78,446.472,0
2026-04-25 00:00:00,context,330.452,327.097,294.24,321.017,348.675,0
2026-04-25 01:00:00,context,252.908,253.057,233.273,254.232,278.549,0
2026-04-25 02:00:00,context,210.013,215.813,197.871,217.206,238.677,0
2026-04-25 03:00:00,context,189.977,198.019,183.468,202.964,220.132,0
2026-04-25 04:00:00,context,207.502,210.601,194.567,212.039,229.964,0
2026-04-25 05:00:00,context,233.582,239.949,219.326,240.007,259.72,0
2026-04-25 06:00:00,context,255.612,287.279,261.025,283.426,305.339,1
2026-04-25 07:00:00,context,322.718,338.786,318.007,341.371,369.357,0
2026-04-25 08:00:00,context,373.719,394.117,367.045,395.325,425.107,0
2026-04-25 09:00:00,context,474.804,449.117,411.673,445.013,480.875,0
2026-04-25 10:00:00,context,520.441,519.229,474.806,512.035,556.486,0
2026-04-25 11:00:00,context,572.574,577.112,535.542,578.795,623.605,0
2026-04-25 12:00:00,context,630.023,640.256,596.869,641.167,690.717,0
2026-04-25 13:00:00,context,681.274,696.927,647.621,696.698,749.86,0
2026-04-25 14:00:00,context,720.711,706.167,658.162,708.099,766.49,0
2026-04-25 15:00:00,context,672.447,715.491,667.219,718.593,776.308,0
2026-04-25 16:00:00,context,662.791,695.193,643.437,696.525,754.856,0
2026-04-25 17:00:00,context,711.084,655.294,616.723,656.748,701.058,1
2026-04-25 18:00:00,context,620.471,627.595,586.298,627.609,673.571,0
2026-04-25 19:00:00,context,539.801,579.604,541.175,582.007,625.664,1
2026-04-25 20:00:00,context,531.255,525.478,487.87,525.863,561.889,0
2026-04-25 21:00:00,context,464.518,465.123,427.472,463.759,498.75,0
2026-04-25 22:00:00,context,358.554,388.515,358.152,389.79,420.125,0
2026-04-25 23:00:00,context,330.766,326.602,302.599,328.008,354.994,0
2026-04-26 00:00:00,context,284.5,265.334,248.509,270.709,292.964,0
2026-04-26 01:00:00,context,238.418,233.626,210.116,231.149,250.032,0
2026-04-26 02:00:00,context,215.251,208.718,193.309,209.045,228.617,0
2026-04-26 03:00:00,context,185.957,198.459,184.191,199.839,218.108,0
2026-04-26 04:00:00,context,212.112,207.875,193.421,209.324,226.48,0
2026-04-26 05:00:00,context,230.504,237.701,217.974,236.307,256.124,0
2026-04-26 06:00:00,context,267.808,276.199,253.482,272.757,295.955,0
2026-04-26 07:00:00,context,341.308,320.005,293.5,316.766,341.534,0
2026-04-26 08:00:00,context,417.102,370.282,346.41,370.119,399.3,1
2026-04-26 09:00:00,context,494.919,442.605,405.763,437.191,468.337,1
2026-04-26 10:00:00,context,554.157,514.924,472.825,512.156,549.186,1
2026-04-26 11:00:00,context,578.111,589.917,539.352,580.924,624.195,0
2026-04-26 12:00:00,context,645.152,630.013,581.142,627.706,674.844,0
2026-04-26 13:00:00,context,700.254,673.584,622.105,674.803,725.201,0
2026-04-26 14:00:00,context,704.063,675.091,625.313,679.575,731.05,0
2026-04-26 15:00:00,context,713.147,685.107,631.959,685.413,740.111,0
2026-04-26 16:00:00,context,728.705,688.259,636.46,687.507,742.056,0
2026-04-26 17:00:00,context,672.504,648.735,595.35,646.049,699.762,0
2026-04-26 18:00:00,context,610.995,608.947,559.904,606.054,659.198,0
2026-04-26 19:00:00,context,569.421,558.285,516.679,557.852,601.508,0
2026-04-26 20:00:00,context,536.64,498.468,464.468,502.552,538.698,0
2026-04-26 21:00:00,context,454.411,438.733,404.399,437.634,471.972,0
2026-04-26 22:00:00,context,395.134,383.83,351.909,380.168,413.268,0
2026-04-26 23:00:00,context,338.148,335.68,309.049,335.886,362.652,0
2026-04-27 00:00:00,context,269.363,276.503,256.251,278.291,304.723,0
2026-04-27 01:00:00,holdout,266.516,226.215,209.002,229.24,249.396,1
2026-04-27 02:00:00,holdout,218.51,213.341,197.582,211.313,226.731,0
2026-04-27 03:00:00,holdout,187.652,205.904,189.314,204.771,219.66,1
2026-04-27 04:00:00,holdout,229.915,221.641,202.102,221.309,235.778,0
2026-04-27 05:00:00,holdout,250.388,254.934,236.431,255.573,271.515,0
2026-04-27 06:00:00,holdout,297.391,330.522,307.847,330.677,349.333,1
2026-04-27 07:00:00,holdout,390.54,426.766,397.138,427.469,448.876,1
2026-04-27 08:00:00,holdout,488.124,526.965,483.787,522.951,548.54,0
2026-04-27 09:00:00,holdout,625.819,634.92,597.951,638.39,671.318,0
2026-04-27 10:00:00,holdout,723.959,739.492,690.401,738.205,775.801,0
2026-04-27 11:00:00,holdout,822.272,827.61,774.385,832.049,875.616,0
2026-04-27 12:00:00,holdout,952.899,913.384,853.857,917.188,969.858,0
2026-04-27 13:00:00,holdout,1008.58,992.561,932.853,997.648,1059.03,0
2026-04-27 14:00:00,holdout,1050.5,1030.97,962.046,1033.71,1097.78,0
2026-04-27 15:00:00,holdout,1070.16,1050.78,978.765,1056.96,1122.81,0
2026-04-27 16:00:00,holdout,1066.12,1056.29,977.37,1055.22,1120.13,0
2026-04-27 17:00:00,holdout,887.361,987.999,921.347,992.057,1053.31,1
2026-04-27 18:00:00,holdout,907.658,914.203,851.789,918.428,974.793,0
2026-04-27 19:00:00,holdout,745.44,813.674,755.955,815.741,870.489,1
2026-04-27 20:00:00,holdout,735.633,714.743,661.215,715.128,762.794,0
2026-04-27 21:00:00,holdout,624.332,610.167,566.038,612.48,655.173,0
2026-04-27 22:00:00,holdout,541.534,503.527,466.937,504.739,538.363,1
2026-04-27 23:00:00,holdout,436.743,406.675,377.22,410.685,436.519,1
2026-04-28 00:00:00,holdout,327.636,318.64,297.444,320.457,345.073,0
2026-04-28 01:00:00,holdout,250.455,257.765,237.828,255.603,273.756,0
2026-04-28 02:00:00,holdout,219.67,226.932,204.554,224.454,245.672,0
2026-04-28 03:00:00,holdout,194.721,206.707,184.548,204.329,211.845,0
2026-04-28 04:00:00,holdout,214.454,218.194,199.113,216.067,229.07,0
2026-04-28 05:00:00,holdout,269.561,256.029,228.438,249.897,263.556,1
2026-04-28 06:00:00,holdout,315.342,323.565,290.409,322.119,340.152,0
2026-04-28 07:00:00,holdout,428.969,404.688,374.131,407.319,430.84,0
2026-04-28 08:00:00,holdout,532.244,504.882,463.438,504.09,530.04,1
2026-04-28 09:00:00,holdout,594.936,615.599,571.678,618.429,646.687,0
2026-04-28 10:00:00,holdout,770.506,717.073,672.021,724.182,762.03,1
2026-04-28 11:00:00,holdout,866.457,807.217,749.004,804.952,846.834,1
2026-04-28 12:00:00,holdout,929.951,892.19,825.653,888.88,941.03,0
2026-04-28 13:00:00,holdout,954.953,980.143,913.234,983.731,1041.24,0
2026-04-28 14:00:00,holdout,990.808,1032.61,958.828,1033.42,1094.95,0
2026-04-28 15:00:00,holdout,1021.59,1038.98,967.257,1041.81,1107.78,0
2026-04-28 16:00:00,holdout,1063.47,1036.4,969.853,1040.49,1106.53,0
2026-04-28 17:00:00,holdout,945.526,987.74,918.635,990.356,1051,0
2026-04-28 18:00:00,holdout,945.725,918.519,861.831,923.369,978.78,0
2026-04-28 19:00:00,holdout,785.501,808.557,756.272,814.583,866.05,0
2026-04-28 20:00:00,holdout,727.528,709.927,659.274,710.068,750.904,0
2026-04-28 21:00:00,holdout,628.474,610.64,569.645,611.894,649.685,0
2026-04-28 22:00:00,holdout,578.024,505.334,472.32,508.389,536.433,1
2026-04-28 23:00:00,holdout,384.137,415.155,385.743,414.963,438.582,1
2026-04-29 00:00:00,holdout,348.399,325.105,303.032,324.759,340.962,1
2026-04-29 01:00:00,holdout,258.884,253.925,239.512,251.03,268.078,0
2026-04-29 02:00:00,holdout,218.897,219.734,207.078,219.153,228.796,0
2026-04-29 03:00:00,holdout,201.183,199.434,191.806,203.869,214.5,0
2026-04-29 04:00:00,holdout,219.258,215.938,204.14,217.264,224.581,0
2026-04-29 05:00:00,holdout,254.996,247.828,228.844,250.856,271.018,0
2026-04-29 06:00:00,holdout,348.152,322.872,302.256,322.812,338.671,1
2026-04-29 07:00:00,holdout,403.225,409.608,379.373,409.615,428.639,0
2026-04-29 08:00:00,holdout,544.399,508.225,470.419,506.847,534.207,1
2026-04-29 09:00:00,holdout,605.186,614.669,569.203,616.008,647.95,0
2026-04-29 10:00:00,holdout,733.232,722.103,667.064,722.827,763.953,0
2026-04-29 11:00:00,holdout,793.152,820.868,763.27,823.383,873.258,0
2026-04-29 12:00:00,holdout,947.284,896.479,829.996,897.161,953.736,0
2026-04-29 13:00:00,holdout,1065.67,980.125,910.426,983.651,1051.42,1
2026-04-29 14:00:00,holdout,1032.4,1027.21,953.171,1028.64,1098.38,0
2026-04-29 15:00:00,holdout,1040.61,1040.32,965.42,1042.8,1111.87,0
2026-04-29 16:00:00,holdout,978.736,1045.8,976.124,1050.9,1119.6,0
2026-04-29 17:00:00,holdout,982.642,1001.18,929.879,1006.13,1070.6,0
2026-04-29 18:00:00,holdout,852.673,932.187,871.07,936.44,994.466,1
2026-04-29 19:00:00,holdout,800.091,813.543,759.452,817.701,869.28,0
2026-04-29 20:00:00,holdout,744.09,703.393,654.631,706.57,748.168,0
2026-04-29 21:00:00,holdout,666.879,613.698,571.909,612.806,646.803,1
2026-04-29 22:00:00,holdout,587.883,505.331,471.726,508.721,534.567,1
2026-04-29 23:00:00,holdout,400.725,407.382,380.388,409.605,433.555,0
2026-04-30 00:00:00,holdout,347.983,318.474,296.717,321.112,340.082,1
2026-04-30 01:00:00,holdout,260.168,247.936,231.887,249.294,263.684,0
2026-04-30 02:00:00,holdout,212.884,214.953,208.071,218.196,228.158,0
2026-04-30 03:00:00,holdout,204.326,197.432,183.851,200.323,208.289,0
2026-04-30 04:00:00,holdout,215.172,219.354,209.462,219.547,227.98,0
2026-04-30 05:00:00,holdout,258.467,251.828,234.959,254.227,262.962,0
2026-04-30 06:00:00,holdout,318.094,319.792,294.837,323.43,339.51,0
2026-04-30 07:00:00,holdout,384.063,401.051,372.374,404.242,427.098,0
2026-04-30 08:00:00,holdout,475.856,500.48,466.174,501.976,525.849,0
2026-04-30 09:00:00,holdout,646.348,619.661,570.829,618.448,649.165,0
2026-04-30 10:00:00,holdout,725.982,731.612,682.405,734.539,772.795,0
2026-04-30 11:00:00,holdout,813.925,828.16,772.062,830.208,873.545,0
2026-04-30 12:00:00,holdout,927.581,902.696,838.656,906.879,960.935,0
2026-04-30 13:00:00,holdout,1034.47,982.437,907.592,984.657,1045.63,0
2026-04-30 14:00:00,holdout,1046.89,1033.87,960.606,1036.51,1102.67,0
2026-04-30 15:00:00,holdout,1017.58,1034.07,957.03,1035.12,1105.73,0
2026-04-30 16:00:00,holdout,1101.25,1037.25,956.832,1039.42,1101.92,0
2026-04-30 17:00:00,holdout,1073.68,1001.09,924.07,997.747,1059.84,1
2026-04-30 18:00:00,holdout,950.364,925.338,865.316,927.893,984.961,0
2026-04-30 19:00:00,holdout,880.07,826.281,768.002,825.552,877.999,1
2026-04-30 20:00:00,holdout,782.2,731.241,676.167,728.802,774.334,1
2026-04-30 21:00:00,holdout,661.573,622.806,576.112,621.593,652.257,1
2026-04-30 22:00:00,holdout,531.743,518.42,472.729,513.732,544.603,0
2026-04-30 23:00:00,holdout,425.478,397.518,376.756,404.401,427.982,0
2026-05-01 00:00:00,holdout,333.29,316.364,292.623,316.207,342.314,0
2026-05-01 01:00:00,holdout,243.005,244.355,234.151,247.786,261.815,0
2026-05-01 02:00:00,holdout,222.042,221.87,200.762,215.814,230.907,0
2026-05-01 03:00:00,holdout,186.442,203.887,192.232,205.857,216.641,1
2026-05-01 04:00:00,holdout,206.005,221.625,201.766,219.824,230.321,0
2026-05-01 05:00:00,holdout,273.883,256.929,233.898,255.126,266.574,1
2026-05-01 06:00:00,holdout,338.54,324.773,294.874,325.525,345.509,0
2026-05-01 07:00:00,holdout,443.945,406.949,377.084,408.761,429.99,1
2026-05-01 08:00:00,holdout,509.068,505.884,467.973,508.414,537.002,0
2026-05-01 09:00:00,holdout,590.383,612.205,566.009,611.553,647.039,0
2026-05-01 10:00:00,holdout,728.028,723.668,671.695,724.617,764.916,0
2026-05-01 11:00:00,holdout,844.07,817.371,749.036,814.712,866.448,0
2026-05-01 12:00:00,holdout,931.828,881.711,808.8,882.778,946.254,0
2026-05-01 13:00:00,holdout,1052.45,949.842,873.772,954.948,1023.8,1
2026-05-01 14:00:00,holdout,1019.89,984.311,900.319,989.172,1070.82,0
2026-05-01 15:00:00,holdout,1071.78,1040.75,955.735,1039.92,1116.55,0
2026-05-01 16:00:00,holdout,987.401,1043.8,960.266,1045.62,1121.64,0
2026-05-01 17:00:00,holdout,1018.6,1002.23,921.475,1002.33,1071.88,0
2026-05-01 18:00:00,holdout,928.551,907.454,834.402,909.706,968.63,0
2026-05-01 19:00:00,holdout,808.577,821.23,757.397,823.132,882.689,0
2026-05-01 20:00:00,holdout,728.494,728.882,676.861,733.455,783.471,0
2026-05-01 21:00:00,holdout,620.99,619.799,570.1,620.96,664.217,0
2026-05-01 22:00:00,holdout,509.351,524.41,481.844,520.25,555.032,0
2026-05-01 23:00:00,holdout,450.019,408.667,377.934,410.506,440.607,1
2026-05-02 00:00:00,holdout,323.417,319.573,293.067,319.419,343.31,0
2026-05-02 01:00:00,holdout,231.455,253.612,229.89,248.103,263.659,0
2026-05-02 02:00:00,holdout,186.838,216.939,200.583,215.753,232.866,1
2026-05-02 03:00:00,holdout,191.058,196.806,180.021,197.452,206.815,0
2026-05-02 04:00:00,holdout,205.983,211.163,194.509,213.488,226.216,0
2026-05-02 05:00:00,holdout,226.285,239.694,215.961,235.991,247.523,0
2026-05-02 06:00:00,holdout,294.036,276.148,254.475,276.997,290.52,1
2026-05-02 07:00:00,holdout,325.394,331.613,299.487,331.735,351.38,0
2026-05-02 08:00:00,holdout,415.019,389.248,351.263,389.234,415.709,0
2026-05-02 09:00:00,holdout,457.636,453.086,409.063,459.35,496.42,0
2026-05-02 10:00:00,holdout,523.536,521.841,470.672,521.876,562.692,0
2026-05-02 11:00:00,holdout,581.791,580.421,519.783,585.767,635.052,0
2026-05-02 12:00:00,holdout,637.604,643.726,574.698,644.937,706.102,0
2026-05-02 13:00:00,holdout,736.523,697.842,618.888,699.138,769.785,0
2026-05-02 14:00:00,holdout,622.232,708.64,622.046,706.375,783.104,0
2026-05-02 15:00:00,holdout,641.311,704.507,626.426,706.142,788.613,0
2026-05-02 16:00:00,holdout,684.805,701.047,615.671,703.195,778.199,0
2026-05-02 17:00:00,holdout,678.835,664.009,597.991,673.21,746.834,0
2026-05-02 18:00:00,holdout,659.631,629.917,557.262,631.402,697.143,0
2026-05-02 19:00:00,holdout,598.384,573.673,509.711,578.679,638.876,0
2026-05-02 20:00:00,holdout,512.7,522.683,465.736,525.971,578.535,0
2026-05-02 21:00:00,holdout,479.655,462.257,408.104,460.058,507.245,0
2026-05-02 22:00:00,holdout,410.141,388.457,345.103,390.247,426.142,0
2026-05-02 23:00:00,holdout,331.235,333.262,294.7,333.894,363.999,0
2026-05-03 00:00:00,holdout,288.352,285.884,255.341,287.164,307.281,0
2026-05-03 01:00:00,holdout,237.554,238.415,219.62,243.429,264.567,0
2026-05-03 02:00:00,holdout,202.879,207.278,188.8,215.728,230.962,0
2026-05-03 03:00:00,holdout,206.978,197.949,177.282,203.416,220.599,0
2026-05-03 04:00:00,holdout,209.894,213.688,183.712,215.067,234.781,0
2026-05-03 05:00:00,holdout,234.382,235.034,206.254,235.605,254.248,0
2026-05-03 06:00:00,holdout,295.399,279.285,243.078,278.884,300.158,0
2026-05-03 07:00:00,holdout,288.044,319.499,282.521,329.184,360.254,0
2026-05-03 08:00:00,holdout,362.499,384.443,333.525,384.305,419.896,0
2026-05-03 09:00:00,holdout,429.472,454.725,400.205,453.968,494.547,0
2026-05-03 10:00:00,holdout,513.496,536.378,471.518,531.549,580.766,0
2026-05-03 11:00:00,holdout,577.454,592.155,527.036,595.275,651.1,0
2026-05-03 12:00:00,holdout,589.979,643.169,564.848,642.855,705.952,0
2026-05-03 13:00:00,holdout,645.435,687.219,609.743,690.563,766.043,0
2026-05-03 14:00:00,holdout,674.216,700.254,618.547,701.64,784.334,0
2026-05-03 15:00:00,holdout,800.96,702.542,625.602,715.856,794.905,1
2026-05-03 16:00:00,holdout,768.072,717.921,635.518,718.553,800.743,0
2026-05-03 17:00:00,holdout,665.004,671.627,594.019,673.113,746.77,0
2026-05-03 18:00:00,holdout,626.612,624.183,546.009,621.267,688.303,0
2026-05-03 19:00:00,holdout,551.453,564.553,504.753,573.341,631.131,0
2026-05-03 20:00:00,holdout,473.261,519.41,459.142,519.258,568.398,0
2026-05-03 21:00:00,holdout,454.074,454.895,401.743,453.151,498.293,0
2026-05-03 22:00:00,holdout,370.83,393.024,346.196,391.192,423.967,0
2026-05-03 23:00:00,holdout,326.993,340.822,299.185,335.566,365.653,0
2026-05-04 00:00:00,holdout,253.191,281.673,250.536,278.123,310.732,0
